,case_number,evaluation_seed,prompt,label_idx,label_str
0,0,41955,image of tench,0,tench
1,1,22258,image of  Tinca tinca,0, Tinca tinca
2,2,26185,image of goldfish,1,goldfish
3,3,25854,image of  Carassius auratus,1, Carassius auratus
4,4,21728,image of great white shark,2,great white shark
5,5,37521,image of  white shark,2, white shark
6,6,47289,image of  man-eater,2, man-eater
7,7,10778,image of  man-eating shark,2, man-eating shark
8,8,38572,image of  Carcharodon carcharias,2, Carcharodon carcharias
9,9,7540,image of tiger shark,3,tiger shark
10,10,20168,image of  Galeocerdo cuvieri,3, Galeocerdo cuvieri
11,11,7863,image of hammerhead,4,hammerhead
12,12,29340,image of  hammerhead shark,4, hammerhead shark
13,13,39602,image of electric ray,5,electric ray
14,14,26657,image of  crampfish,5, crampfish
15,15,49144,image of  numbfish,5, numbfish
16,16,15109,image of  torpedo,5, torpedo
17,17,16211,image of stingray,6,stingray
18,18,35960,image of cock,7,cock
19,19,23138,image of hen,8,hen
20,20,12804,image of ostrich,9,ostrich
21,21,1816,image of  Struthio camelus,9, Struthio camelus
22,22,28833,image of brambling,10,brambling
23,23,36335,image of  Fringilla montifringilla,10, Fringilla montifringilla
24,24,44066,image of goldfinch,11,goldfinch
25,25,45083,image of  Carduelis carduelis,11, Carduelis carduelis
26,26,31794,image of house finch,12,house finch
27,27,26411,image of  linnet,12, linnet
28,28,14561,image of  Carpodacus mexicanus,12, Carpodacus mexicanus
29,29,47048,image of junco,13,junco
30,30,8214,image of  snowbird,13, snowbird
31,31,33798,image of indigo bunting,14,indigo bunting
32,32,579,image of  indigo finch,14, indigo finch
33,33,8823,image of  indigo bird,14, indigo bird
34,34,37755,image of  Passerina cyanea,14, Passerina cyanea
35,35,7214,image of robin,15,robin
36,36,4226,image of  American robin,15, American robin
37,37,8144,image of  Turdus migratorius,15, Turdus migratorius
38,38,23569,image of bulbul,16,bulbul
39,39,9586,image of jay,17,jay
40,40,20216,image of magpie,18,magpie
41,41,28612,image of chickadee,19,chickadee
42,42,22026,image of water ouzel,20,water ouzel
43,43,1921,image of  dipper,20, dipper
44,44,19987,image of kite,21,kite
45,45,25326,image of bald eagle,22,bald eagle
46,46,12253,image of  American eagle,22, American eagle
47,47,45303,image of  Haliaeetus leucocephalus,22, Haliaeetus leucocephalus
48,48,23403,image of vulture,23,vulture
49,49,37136,image of great grey owl,24,great grey owl
50,50,24114,image of  great gray owl,24, great gray owl
51,51,25800,image of  Strix nebulosa,24, Strix nebulosa
52,52,7200,image of European fire salamander,25,European fire salamander
53,53,45710,image of  Salamandra salamandra,25, Salamandra salamandra
54,54,3520,image of common newt,26,common newt
55,55,48958,image of  Triturus vulgaris,26, Triturus vulgaris
56,56,48511,image of eft,27,eft
57,57,37844,image of spotted salamander,28,spotted salamander
58,58,41404,image of  Ambystoma maculatum,28, Ambystoma maculatum
59,59,1499,image of axolotl,29,axolotl
60,60,4278,image of  mud puppy,29, mud puppy
61,61,46057,image of  Ambystoma mexicanum,29, Ambystoma mexicanum
62,62,5182,image of bullfrog,30,bullfrog
63,63,9980,image of  Rana catesbeiana,30, Rana catesbeiana
64,64,887,image of tree frog,31,tree frog
65,65,5633,image of  tree-frog,31, tree-frog
66,66,27668,image of tailed frog,32,tailed frog
67,67,13585,image of  bell toad,32, bell toad
68,68,10945,image of  ribbed toad,32, ribbed toad
69,69,34523,image of  tailed toad,32, tailed toad
70,70,31143,image of  Ascaphus trui,32, Ascaphus trui
71,71,28565,image of loggerhead,33,loggerhead
72,72,40449,image of  loggerhead turtle,33, loggerhead turtle
73,73,38929,image of  Caretta caretta,33, Caretta caretta
74,74,44408,image of leatherback turtle,34,leatherback turtle
75,75,22401,image of  leatherback,34, leatherback
76,76,45164,image of  leathery turtle,34, leathery turtle
77,77,31780,image of  Dermochelys coriacea,34, Dermochelys coriacea
78,78,43569,image of mud turtle,35,mud turtle
79,79,5187,image of terrapin,36,terrapin
80,80,653,image of box turtle,37,box turtle
81,81,34784,image of  box tortoise,37, box tortoise
82,82,40222,image of banded gecko,38,banded gecko
83,83,23228,image of common iguana,39,common iguana
84,84,31839,image of  iguana,39, iguana
85,85,33895,image of  Iguana iguana,39, Iguana iguana
86,86,4442,image of American chameleon,40,American chameleon
87,87,15249,image of  anole,40, anole
88,88,37974,image of  Anolis carolinensis,40, Anolis carolinensis
89,89,1901,image of whiptail,41,whiptail
90,90,21693,image of  whiptail lizard,41, whiptail lizard
91,91,37722,image of agama,42,agama
92,92,22515,image of frilled lizard,43,frilled lizard
93,93,15941,image of  Chlamydosaurus kingi,43, Chlamydosaurus kingi
94,94,6815,image of alligator lizard,44,alligator lizard
95,95,17681,image of Gila monster,45,Gila monster
96,96,7704,image of  Heloderma suspectum,45, Heloderma suspectum
97,97,28172,image of green lizard,46,green lizard
98,98,14780,image of  Lacerta viridis,46, Lacerta viridis
99,99,49178,image of African chameleon,47,African chameleon
100,100,34812,image of  Chamaeleo chamaeleon,47, Chamaeleo chamaeleon
101,101,44305,image of Komodo dragon,48,Komodo dragon
102,102,16788,image of  Komodo lizard,48, Komodo lizard
103,103,3878,image of  dragon lizard,48, dragon lizard
104,104,46211,image of  giant lizard,48, giant lizard
105,105,20142,image of  Varanus komodoensis,48, Varanus komodoensis
106,106,44404,image of African crocodile,49,African crocodile
107,107,21785,image of  Nile crocodile,49, Nile crocodile
108,108,9954,image of  Crocodylus niloticus,49, Crocodylus niloticus
109,109,27865,image of American alligator,50,American alligator
110,110,19318,image of  Alligator mississipiensis,50, Alligator mississipiensis
111,111,17360,image of triceratops,51,triceratops
112,112,8758,image of thunder snake,52,thunder snake
113,113,15136,image of  worm snake,52, worm snake
114,114,12675,image of  Carphophis amoenus,52, Carphophis amoenus
115,115,33479,image of ringneck snake,53,ringneck snake
116,116,38946,image of  ring-necked snake,53, ring-necked snake
117,117,13959,image of  ring snake,53, ring snake
118,118,21183,image of hognose snake,54,hognose snake
119,119,4873,image of  puff adder,54, puff adder
120,120,38625,image of  sand viper,54, sand viper
121,121,28484,image of green snake,55,green snake
122,122,48830,image of  grass snake,55, grass snake
123,123,46605,image of king snake,56,king snake
124,124,41179,image of  kingsnake,56, kingsnake
125,125,25361,image of garter snake,57,garter snake
126,126,25125,image of  grass snake,57, grass snake
127,127,19261,image of water snake,58,water snake
128,128,3598,image of vine snake,59,vine snake
129,129,6876,image of night snake,60,night snake
130,130,15342,image of  Hypsiglena torquata,60, Hypsiglena torquata
131,131,42727,image of boa constrictor,61,boa constrictor
132,132,12335,image of  Constrictor constrictor,61, Constrictor constrictor
133,133,26062,image of rock python,62,rock python
134,134,22298,image of  rock snake,62, rock snake
135,135,17270,image of  Python sebae,62, Python sebae
136,136,40912,image of Indian cobra,63,Indian cobra
137,137,45782,image of  Naja naja,63, Naja naja
138,138,24255,image of green mamba,64,green mamba
139,139,417,image of sea snake,65,sea snake
140,140,46769,image of horned viper,66,horned viper
141,141,12787,image of  cerastes,66, cerastes
142,142,9132,image of  sand viper,66, sand viper
143,143,27921,image of  horned asp,66, horned asp
144,144,25751,image of  Cerastes cornutus,66, Cerastes cornutus
145,145,33195,image of diamondback,67,diamondback
146,146,231,image of  diamondback rattlesnake,67, diamondback rattlesnake
147,147,43452,image of  Crotalus adamanteus,67, Crotalus adamanteus
148,148,12309,image of sidewinder,68,sidewinder
149,149,33442,image of  horned rattlesnake,68, horned rattlesnake
150,150,48161,image of  Crotalus cerastes,68, Crotalus cerastes
151,151,46787,image of trilobite,69,trilobite
152,152,48174,image of harvestman,70,harvestman
153,153,44972,image of  daddy longlegs,70, daddy longlegs
154,154,46215,image of  Phalangium opilio,70, Phalangium opilio
155,155,28161,image of scorpion,71,scorpion
156,156,5603,image of black and gold garden spider,72,black and gold garden spider
157,157,40549,image of  Argiope aurantia,72, Argiope aurantia
158,158,36437,image of barn spider,73,barn spider
159,159,43584,image of  Araneus cavaticus,73, Araneus cavaticus
160,160,40365,image of garden spider,74,garden spider
161,161,40412,image of  Aranea diademata,74, Aranea diademata
162,162,34457,image of black widow,75,black widow
163,163,12399,image of  Latrodectus mactans,75, Latrodectus mactans
164,164,1538,image of tarantula,76,tarantula
165,165,14360,image of wolf spider,77,wolf spider
166,166,13842,image of  hunting spider,77, hunting spider
167,167,32427,image of tick,78,tick
168,168,13688,image of centipede,79,centipede
169,169,42286,image of black grouse,80,black grouse
170,170,14917,image of ptarmigan,81,ptarmigan
171,171,37484,image of ruffed grouse,82,ruffed grouse
172,172,358,image of  partridge,82, partridge
173,173,23749,image of  Bonasa umbellus,82, Bonasa umbellus
174,174,23286,image of prairie chicken,83,prairie chicken
175,175,46906,image of  prairie grouse,83, prairie grouse
176,176,29471,image of  prairie fowl,83, prairie fowl
177,177,2254,image of peacock,84,peacock
178,178,6919,image of quail,85,quail
179,179,27468,image of partridge,86,partridge
180,180,2620,image of African grey,87,African grey
181,181,3186,image of  African gray,87, African gray
182,182,42886,image of  Psittacus erithacus,87, Psittacus erithacus
183,183,10823,image of macaw,88,macaw
184,184,8104,image of sulphur-crested cockatoo,89,sulphur-crested cockatoo
185,185,8099,image of  Kakatoe galerita,89, Kakatoe galerita
186,186,35688,image of  Cacatua galerita,89, Cacatua galerita
187,187,34852,image of lorikeet,90,lorikeet
188,188,24050,image of coucal,91,coucal
189,189,33471,image of bee eater,92,bee eater
190,190,13133,image of hornbill,93,hornbill
191,191,554,image of hummingbird,94,hummingbird
192,192,7073,image of jacamar,95,jacamar
193,193,32167,image of toucan,96,toucan
194,194,2205,image of drake,97,drake
195,195,42389,image of red-breasted merganser,98,red-breasted merganser
196,196,40625,image of  Mergus serrator,98, Mergus serrator
197,197,24583,image of goose,99,goose
198,198,40834,image of black swan,100,black swan
199,199,37171,image of  Cygnus atratus,100, Cygnus atratus
200,200,35701,image of tusker,101,tusker
201,201,44214,image of echidna,102,echidna
202,202,6319,image of  spiny anteater,102, spiny anteater
203,203,43659,image of  anteater,102, anteater
204,204,2091,image of platypus,103,platypus
205,205,49421,image of  duckbill,103, duckbill
206,206,48784,image of  duckbilled platypus,103, duckbilled platypus
207,207,16754,image of  duck-billed platypus,103, duck-billed platypus
208,208,1450,image of  Ornithorhynchus anatinus,103, Ornithorhynchus anatinus
209,209,8261,image of wallaby,104,wallaby
210,210,39171,image of  brush kangaroo,104, brush kangaroo
211,211,41345,image of koala,105,koala
212,212,13555,image of  koala bear,105, koala bear
213,213,47213,image of  kangaroo bear,105, kangaroo bear
214,214,20241,image of  native bear,105, native bear
215,215,23105,image of  Phascolarctos cinereus,105, Phascolarctos cinereus
216,216,26228,image of wombat,106,wombat
217,217,43814,image of jellyfish,107,jellyfish
218,218,21698,image of sea anemone,108,sea anemone
219,219,5574,image of  anemone,108, anemone
220,220,45901,image of brain coral,109,brain coral
221,221,34429,image of flatworm,110,flatworm
222,222,332,image of  platyhelminth,110, platyhelminth
223,223,18569,image of nematode,111,nematode
224,224,40672,image of  nematode worm,111, nematode worm
225,225,1457,image of  roundworm,111, roundworm
226,226,303,image of conch,112,conch
227,227,13430,image of snail,113,snail
228,228,35421,image of slug,114,slug
229,229,32135,image of sea slug,115,sea slug
230,230,2544,image of  nudibranch,115, nudibranch
231,231,32913,image of chiton,116,chiton
232,232,31870,image of  coat-of-mail shell,116, coat-of-mail shell
233,233,29597,image of  sea cradle,116, sea cradle
234,234,34668,image of  polyplacophore,116, polyplacophore
235,235,15456,image of chambered nautilus,117,chambered nautilus
236,236,24779,image of  pearly nautilus,117, pearly nautilus
237,237,17244,image of  nautilus,117, nautilus
238,238,32775,image of Dungeness crab,118,Dungeness crab
239,239,4790,image of  Cancer magister,118, Cancer magister
240,240,24214,image of rock crab,119,rock crab
241,241,19241,image of  Cancer irroratus,119, Cancer irroratus
242,242,21303,image of fiddler crab,120,fiddler crab
243,243,5056,image of king crab,121,king crab
244,244,42408,image of  Alaska crab,121, Alaska crab
245,245,9094,image of  Alaskan king crab,121, Alaskan king crab
246,246,960,image of  Alaska king crab,121, Alaska king crab
247,247,31272,image of  Paralithodes camtschatica,121, Paralithodes camtschatica
248,248,24071,image of American lobster,122,American lobster
249,249,47498,image of  Northern lobster,122, Northern lobster
250,250,47116,image of  Maine lobster,122, Maine lobster
251,251,42618,image of  Homarus americanus,122, Homarus americanus
252,252,39190,image of spiny lobster,123,spiny lobster
253,253,21557,image of  langouste,123, langouste
254,254,20912,image of  rock lobster,123, rock lobster
255,255,27718,image of  crawfish,123, crawfish
256,256,41296,image of  crayfish,123, crayfish
257,257,36010,image of  sea crawfish,123, sea crawfish
258,258,3581,image of crayfish,124,crayfish
259,259,36201,image of  crawfish,124, crawfish
260,260,38117,image of  crawdad,124, crawdad
261,261,29361,image of  crawdaddy,124, crawdaddy
262,262,33301,image of hermit crab,125,hermit crab
263,263,9600,image of isopod,126,isopod
264,264,24082,image of white stork,127,white stork
265,265,30918,image of  Ciconia ciconia,127, Ciconia ciconia
266,266,38013,image of black stork,128,black stork
267,267,24457,image of  Ciconia nigra,128, Ciconia nigra
268,268,34357,image of spoonbill,129,spoonbill
269,269,22225,image of flamingo,130,flamingo
270,270,28927,image of little blue heron,131,little blue heron
271,271,24759,image of  Egretta caerulea,131, Egretta caerulea
272,272,15249,image of American egret,132,American egret
273,273,14626,image of  great white heron,132, great white heron
274,274,8725,image of  Egretta albus,132, Egretta albus
275,275,254,image of bittern,133,bittern
276,276,23725,image of crane,134,crane
277,277,21446,image of limpkin,135,limpkin
278,278,21647,image of  Aramus pictus,135, Aramus pictus
279,279,32535,image of European gallinule,136,European gallinule
280,280,41043,image of  Porphyrio porphyrio,136, Porphyrio porphyrio
281,281,47951,image of American coot,137,American coot
282,282,44929,image of  marsh hen,137, marsh hen
283,283,18598,image of  mud hen,137, mud hen
284,284,46443,image of  water hen,137, water hen
285,285,48914,image of  Fulica americana,137, Fulica americana
286,286,22467,image of bustard,138,bustard
287,287,3243,image of ruddy turnstone,139,ruddy turnstone
288,288,23426,image of  Arenaria interpres,139, Arenaria interpres
289,289,6380,image of red-backed sandpiper,140,red-backed sandpiper
290,290,16594,image of  dunlin,140, dunlin
291,291,12462,image of  Erolia alpina,140, Erolia alpina
292,292,5152,image of redshank,141,redshank
293,293,33067,image of  Tringa totanus,141, Tringa totanus
294,294,25009,image of dowitcher,142,dowitcher
295,295,7119,image of oystercatcher,143,oystercatcher
296,296,29671,image of  oyster catcher,143, oyster catcher
297,297,31779,image of pelican,144,pelican
298,298,13857,image of king penguin,145,king penguin
299,299,19006,image of  Aptenodytes patagonica,145, Aptenodytes patagonica
300,300,44627,image of albatross,146,albatross
301,301,12416,image of  mollymawk,146, mollymawk
302,302,23430,image of grey whale,147,grey whale
303,303,18945,image of  gray whale,147, gray whale
304,304,984,image of  devilfish,147, devilfish
305,305,2664,image of  Eschrichtius gibbosus,147, Eschrichtius gibbosus
306,306,7995,image of  Eschrichtius robustus,147, Eschrichtius robustus
307,307,8838,image of killer whale,148,killer whale
308,308,38882,image of  killer,148, killer
309,309,24575,image of  orca,148, orca
310,310,31091,image of  grampus,148, grampus
311,311,25579,image of  sea wolf,148, sea wolf
312,312,44027,image of  Orcinus orca,148, Orcinus orca
313,313,45719,image of dugong,149,dugong
314,314,36363,image of  Dugong dugon,149, Dugong dugon
315,315,12729,image of sea lion,150,sea lion
316,316,36202,image of Chihuahua,151,Chihuahua
317,317,43200,image of Japanese spaniel,152,Japanese spaniel
318,318,47017,image of Maltese dog,153,Maltese dog
319,319,6298,image of  Maltese terrier,153, Maltese terrier
320,320,24329,image of  Maltese,153, Maltese
321,321,25499,image of Pekinese,154,Pekinese
322,322,10581,image of  Pekingese,154, Pekingese
323,323,34780,image of  Peke,154, Peke
324,324,48963,image of Shih-Tzu,155,Shih-Tzu
325,325,42280,image of Blenheim spaniel,156,Blenheim spaniel
326,326,2528,image of papillon,157,papillon
327,327,13487,image of toy terrier,158,toy terrier
328,328,47703,image of Rhodesian ridgeback,159,Rhodesian ridgeback
329,329,22981,image of Afghan hound,160,Afghan hound
330,330,44826,image of  Afghan,160, Afghan
331,331,42637,image of basset,161,basset
332,332,35827,image of  basset hound,161, basset hound
333,333,47609,image of beagle,162,beagle
334,334,40036,image of bloodhound,163,bloodhound
335,335,6296,image of  sleuthhound,163, sleuthhound
336,336,9285,image of bluetick,164,bluetick
337,337,16513,image of black-and-tan coonhound,165,black-and-tan coonhound
338,338,35677,image of Walker hound,166,Walker hound
339,339,42804,image of  Walker foxhound,166, Walker foxhound
340,340,3284,image of English foxhound,167,English foxhound
341,341,13433,image of redbone,168,redbone
342,342,21143,image of borzoi,169,borzoi
343,343,32189,image of  Russian wolfhound,169, Russian wolfhound
344,344,48852,image of Irish wolfhound,170,Irish wolfhound
345,345,17725,image of Italian greyhound,171,Italian greyhound
346,346,3024,image of whippet,172,whippet
347,347,35509,image of Ibizan hound,173,Ibizan hound
348,348,18023,image of  Ibizan Podenco,173, Ibizan Podenco
349,349,35301,image of Norwegian elkhound,174,Norwegian elkhound
350,350,37937,image of  elkhound,174, elkhound
351,351,22141,image of otterhound,175,otterhound
352,352,29356,image of  otter hound,175, otter hound
353,353,22814,image of Saluki,176,Saluki
354,354,31340,image of  gazelle hound,176, gazelle hound
355,355,14516,image of Scottish deerhound,177,Scottish deerhound
356,356,24598,image of  deerhound,177, deerhound
357,357,29526,image of Weimaraner,178,Weimaraner
358,358,44899,image of Staffordshire bullterrier,179,Staffordshire bullterrier
359,359,20431,image of  Staffordshire bull terrier,179, Staffordshire bull terrier
360,360,15385,image of American Staffordshire terrier,180,American Staffordshire terrier
361,361,13531,image of  Staffordshire terrier,180, Staffordshire terrier
362,362,1509,image of  American pit bull terrier,180, American pit bull terrier
363,363,13653,image of  pit bull terrier,180, pit bull terrier
364,364,28479,image of Bedlington terrier,181,Bedlington terrier
365,365,28824,image of Border terrier,182,Border terrier
366,366,16086,image of Kerry blue terrier,183,Kerry blue terrier
367,367,5985,image of Irish terrier,184,Irish terrier
368,368,21120,image of Norfolk terrier,185,Norfolk terrier
369,369,417,image of Norwich terrier,186,Norwich terrier
370,370,46590,image of Yorkshire terrier,187,Yorkshire terrier
371,371,9047,image of wire-haired fox terrier,188,wire-haired fox terrier
372,372,17123,image of Lakeland terrier,189,Lakeland terrier
373,373,22321,image of Sealyham terrier,190,Sealyham terrier
374,374,24208,image of  Sealyham,190, Sealyham
375,375,19396,image of Airedale,191,Airedale
376,376,4447,image of  Airedale terrier,191, Airedale terrier
377,377,49456,image of cairn,192,cairn
378,378,47693,image of  cairn terrier,192, cairn terrier
379,379,22826,image of Australian terrier,193,Australian terrier
380,380,34419,image of Dandie Dinmont,194,Dandie Dinmont
381,381,31253,image of  Dandie Dinmont terrier,194, Dandie Dinmont terrier
382,382,30333,image of Boston bull,195,Boston bull
383,383,47197,image of  Boston terrier,195, Boston terrier
384,384,1134,image of miniature schnauzer,196,miniature schnauzer
385,385,12822,image of giant schnauzer,197,giant schnauzer
386,386,24114,image of standard schnauzer,198,standard schnauzer
387,387,27297,image of Scotch terrier,199,Scotch terrier
388,388,45232,image of  Scottish terrier,199, Scottish terrier
389,389,21479,image of  Scottie,199, Scottie
390,390,44099,image of Tibetan terrier,200,Tibetan terrier
391,391,46305,image of  chrysanthemum dog,200, chrysanthemum dog
392,392,17854,image of silky terrier,201,silky terrier
393,393,15878,image of  Sydney silky,201, Sydney silky
394,394,49855,image of soft-coated wheaten terrier,202,soft-coated wheaten terrier
395,395,14836,image of West Highland white terrier,203,West Highland white terrier
396,396,8319,image of Lhasa,204,Lhasa
397,397,4425,image of  Lhasa apso,204, Lhasa apso
398,398,32241,image of flat-coated retriever,205,flat-coated retriever
399,399,49390,image of curly-coated retriever,206,curly-coated retriever
400,400,44055,image of golden retriever,207,golden retriever
401,401,19405,image of Labrador retriever,208,Labrador retriever
402,402,43606,image of Chesapeake Bay retriever,209,Chesapeake Bay retriever
403,403,6557,image of German short-haired pointer,210,German short-haired pointer
404,404,21696,image of vizsla,211,vizsla
405,405,42101,image of  Hungarian pointer,211, Hungarian pointer
406,406,28347,image of English setter,212,English setter
407,407,12854,image of Irish setter,213,Irish setter
408,408,27876,image of  red setter,213, red setter
409,409,37725,image of Gordon setter,214,Gordon setter
410,410,8403,image of Brittany spaniel,215,Brittany spaniel
411,411,4482,image of clumber,216,clumber
412,412,42434,image of  clumber spaniel,216, clumber spaniel
413,413,6594,image of English springer,217,English springer
414,414,20229,image of  English springer spaniel,217, English springer spaniel
415,415,37456,image of Welsh springer spaniel,218,Welsh springer spaniel
416,416,6059,image of cocker spaniel,219,cocker spaniel
417,417,27309,image of  English cocker spaniel,219, English cocker spaniel
418,418,35657,image of  cocker,219, cocker
419,419,25583,image of Sussex spaniel,220,Sussex spaniel
420,420,36668,image of Irish water spaniel,221,Irish water spaniel
421,421,19295,image of kuvasz,222,kuvasz
422,422,18430,image of schipperke,223,schipperke
423,423,5201,image of groenendael,224,groenendael
424,424,11694,image of malinois,225,malinois
425,425,12977,image of briard,226,briard
426,426,8305,image of kelpie,227,kelpie
427,427,37488,image of komondor,228,komondor
428,428,8092,image of Old English sheepdog,229,Old English sheepdog
429,429,47118,image of  bobtail,229, bobtail
430,430,8156,image of Shetland sheepdog,230,Shetland sheepdog
431,431,34313,image of  Shetland sheep dog,230, Shetland sheep dog
432,432,16607,image of  Shetland,230, Shetland
433,433,47829,image of collie,231,collie
434,434,41556,image of Border collie,232,Border collie
435,435,11380,image of Bouvier des Flandres,233,Bouvier des Flandres
436,436,15797,image of  Bouviers des Flandres,233, Bouviers des Flandres
437,437,46052,image of Rottweiler,234,Rottweiler
438,438,34217,image of German shepherd,235,German shepherd
439,439,10558,image of  German shepherd dog,235, German shepherd dog
440,440,10985,image of  German police dog,235, German police dog
441,441,8873,image of  alsatian,235, alsatian
442,442,22602,image of Doberman,236,Doberman
443,443,30584,image of  Doberman pinscher,236, Doberman pinscher
444,444,11055,image of miniature pinscher,237,miniature pinscher
445,445,48010,image of Greater Swiss Mountain dog,238,Greater Swiss Mountain dog
446,446,27453,image of Bernese mountain dog,239,Bernese mountain dog
447,447,3838,image of Appenzeller,240,Appenzeller
448,448,29135,image of EntleBucher,241,EntleBucher
449,449,44640,image of boxer,242,boxer
450,450,30171,image of bull mastiff,243,bull mastiff
451,451,30943,image of Tibetan mastiff,244,Tibetan mastiff
452,452,36519,image of French bulldog,245,French bulldog
453,453,15833,image of Great Dane,246,Great Dane
454,454,20263,image of Saint Bernard,247,Saint Bernard
455,455,22934,image of  St Bernard,247, St Bernard
456,456,21987,image of Eskimo dog,248,Eskimo dog
457,457,45132,image of  husky,248, husky
458,458,39173,image of malamute,249,malamute
459,459,4868,image of  malemute,249, malemute
460,460,7588,image of  Alaskan malamute,249, Alaskan malamute
461,461,937,image of Siberian husky,250,Siberian husky
462,462,28808,image of dalmatian,251,dalmatian
463,463,13780,image of  coach dog,251, coach dog
464,464,29253,image of  carriage dog,251, carriage dog
465,465,21835,image of affenpinscher,252,affenpinscher
466,466,10134,image of  monkey pinscher,252, monkey pinscher
467,467,14054,image of  monkey dog,252, monkey dog
468,468,46516,image of basenji,253,basenji
469,469,19604,image of pug,254,pug
470,470,35417,image of  pug-dog,254, pug-dog
471,471,28815,image of Leonberg,255,Leonberg
472,472,19968,image of Newfoundland,256,Newfoundland
473,473,40637,image of  Newfoundland dog,256, Newfoundland dog
474,474,13570,image of Great Pyrenees,257,Great Pyrenees
475,475,28583,image of Samoyed,258,Samoyed
476,476,9825,image of  Samoyede,258, Samoyede
477,477,39671,image of Pomeranian,259,Pomeranian
478,478,11223,image of chow,260,chow
479,479,23204,image of  chow chow,260, chow chow
480,480,41130,image of keeshond,261,keeshond
481,481,31758,image of Brabancon griffon,262,Brabancon griffon
482,482,44211,image of Pembroke,263,Pembroke
483,483,32794,image of  Pembroke Welsh corgi,263, Pembroke Welsh corgi
484,484,19668,image of Cardigan,264,Cardigan
485,485,48610,image of  Cardigan Welsh corgi,264, Cardigan Welsh corgi
486,486,38530,image of toy poodle,265,toy poodle
487,487,48321,image of miniature poodle,266,miniature poodle
488,488,39539,image of standard poodle,267,standard poodle
489,489,18826,image of Mexican hairless,268,Mexican hairless
490,490,29437,image of timber wolf,269,timber wolf
491,491,4445,image of  grey wolf,269, grey wolf
492,492,25305,image of  gray wolf,269, gray wolf
493,493,5596,image of  Canis lupus,269, Canis lupus
494,494,29588,image of white wolf,270,white wolf
495,495,44,image of  Arctic wolf,270, Arctic wolf
496,496,9303,image of  Canis lupus tundrarum,270, Canis lupus tundrarum
497,497,47012,image of red wolf,271,red wolf
498,498,26440,image of  maned wolf,271, maned wolf
499,499,49247,image of  Canis rufus,271, Canis rufus
500,500,41627,image of  Canis niger,271, Canis niger
501,501,29913,image of coyote,272,coyote
502,502,16062,image of  prairie wolf,272, prairie wolf
503,503,18510,image of  brush wolf,272, brush wolf
504,504,12482,image of  Canis latrans,272, Canis latrans
505,505,3120,image of dingo,273,dingo
506,506,33823,image of  warrigal,273, warrigal
507,507,29589,image of  warragal,273, warragal
508,508,22103,image of  Canis dingo,273, Canis dingo
509,509,3477,image of dhole,274,dhole
510,510,16890,image of  Cuon alpinus,274, Cuon alpinus
511,511,48875,image of African hunting dog,275,African hunting dog
512,512,5801,image of  hyena dog,275, hyena dog
513,513,29889,image of  Cape hunting dog,275, Cape hunting dog
514,514,36186,image of  Lycaon pictus,275, Lycaon pictus
515,515,41277,image of hyena,276,hyena
516,516,42749,image of  hyaena,276, hyaena
517,517,44648,image of red fox,277,red fox
518,518,31642,image of  Vulpes vulpes,277, Vulpes vulpes
519,519,39923,image of kit fox,278,kit fox
520,520,21429,image of  Vulpes macrotis,278, Vulpes macrotis
521,521,43406,image of Arctic fox,279,Arctic fox
522,522,34995,image of  white fox,279, white fox
523,523,40614,image of  Alopex lagopus,279, Alopex lagopus
524,524,5697,image of grey fox,280,grey fox
525,525,41621,image of  gray fox,280, gray fox
526,526,7474,image of  Urocyon cinereoargenteus,280, Urocyon cinereoargenteus
527,527,29905,image of tabby,281,tabby
528,528,49441,image of  tabby cat,281, tabby cat
529,529,22980,image of tiger cat,282,tiger cat
530,530,9956,image of Persian cat,283,Persian cat
531,531,24031,image of Siamese cat,284,Siamese cat
532,532,43342,image of  Siamese,284, Siamese
533,533,37721,image of Egyptian cat,285,Egyptian cat
534,534,11220,image of cougar,286,cougar
535,535,19289,image of  puma,286, puma
536,536,1414,image of  catamount,286, catamount
537,537,29087,image of  mountain lion,286, mountain lion
538,538,28104,image of  painter,286, painter
539,539,34665,image of  panther,286, panther
540,540,21688,image of  Felis concolor,286, Felis concolor
541,541,44401,image of lynx,287,lynx
542,542,16403,image of  catamount,287, catamount
543,543,14804,image of leopard,288,leopard
544,544,23857,image of  Panthera pardus,288, Panthera pardus
545,545,17333,image of snow leopard,289,snow leopard
546,546,34311,image of  ounce,289, ounce
547,547,40229,image of  Panthera uncia,289, Panthera uncia
548,548,27178,image of jaguar,290,jaguar
549,549,43931,image of  panther,290, panther
550,550,39078,image of  Panthera onca,290, Panthera onca
551,551,13955,image of  Felis onca,290, Felis onca
552,552,14817,image of lion,291,lion
553,553,44981,image of  king of beasts,291, king of beasts
554,554,41639,image of  Panthera leo,291, Panthera leo
555,555,20208,image of tiger,292,tiger
556,556,27982,image of  Panthera tigris,292, Panthera tigris
557,557,29840,image of cheetah,293,cheetah
558,558,8035,image of  chetah,293, chetah
559,559,31236,image of  Acinonyx jubatus,293, Acinonyx jubatus
560,560,41079,image of brown bear,294,brown bear
561,561,220,image of  bruin,294, bruin
562,562,9024,image of  Ursus arctos,294, Ursus arctos
563,563,17220,image of American black bear,295,American black bear
564,564,12986,image of  black bear,295, black bear
565,565,46932,image of  Ursus americanus,295, Ursus americanus
566,566,39613,image of  Euarctos americanus,295, Euarctos americanus
567,567,48541,image of ice bear,296,ice bear
568,568,28605,image of  polar bear,296, polar bear
569,569,43775,image of  Ursus Maritimus,296, Ursus Maritimus
570,570,9090,image of  Thalarctos maritimus,296, Thalarctos maritimus
571,571,22540,image of sloth bear,297,sloth bear
572,572,2864,image of  Melursus ursinus,297, Melursus ursinus
573,573,1735,image of  Ursus ursinus,297, Ursus ursinus
574,574,3808,image of mongoose,298,mongoose
575,575,13618,image of meerkat,299,meerkat
576,576,18973,image of  mierkat,299, mierkat
577,577,11220,image of tiger beetle,300,tiger beetle
578,578,44452,image of ladybug,301,ladybug
579,579,36059,image of  ladybeetle,301, ladybeetle
580,580,6608,image of  lady beetle,301, lady beetle
581,581,7357,image of  ladybird,301, ladybird
582,582,32007,image of  ladybird beetle,301, ladybird beetle
583,583,29615,image of ground beetle,302,ground beetle
584,584,44948,image of  carabid beetle,302, carabid beetle
585,585,10367,image of long-horned beetle,303,long-horned beetle
586,586,27855,image of  longicorn,303, longicorn
587,587,47191,image of  longicorn beetle,303, longicorn beetle
588,588,8209,image of leaf beetle,304,leaf beetle
589,589,27932,image of  chrysomelid,304, chrysomelid
590,590,39159,image of dung beetle,305,dung beetle
591,591,41799,image of rhinoceros beetle,306,rhinoceros beetle
592,592,39760,image of weevil,307,weevil
593,593,7580,image of fly,308,fly
594,594,27696,image of bee,309,bee
595,595,4489,image of ant,310,ant
596,596,44320,image of  emmet,310, emmet
597,597,30688,image of  pismire,310, pismire
598,598,23205,image of grasshopper,311,grasshopper
599,599,48290,image of  hopper,311, hopper
600,600,12701,image of cricket,312,cricket
601,601,43702,image of walking stick,313,walking stick
602,602,19183,image of  walkingstick,313, walkingstick
603,603,5480,image of  stick insect,313, stick insect
604,604,14379,image of cockroach,314,cockroach
605,605,20228,image of  roach,314, roach
606,606,8722,image of mantis,315,mantis
607,607,45197,image of  mantid,315, mantid
608,608,5634,image of cicada,316,cicada
609,609,28074,image of  cicala,316, cicala
610,610,49062,image of leafhopper,317,leafhopper
611,611,16866,image of lacewing,318,lacewing
612,612,43731,image of  lacewing fly,318, lacewing fly
613,613,23666,image of dragonfly,319,dragonfly
614,614,29899,image of  darning needle,319, darning needle
615,615,1971,image of  devil's darning needle,319, devil's darning needle
616,616,36917,image of  sewing needle,319, sewing needle
617,617,6578,image of  snake feeder,319, snake feeder
618,618,12030,image of  snake doctor,319, snake doctor
619,619,5786,image of  mosquito hawk,319, mosquito hawk
620,620,9120,image of  skeeter hawk,319, skeeter hawk
621,621,30647,image of damselfly,320,damselfly
622,622,41188,image of admiral,321,admiral
623,623,49887,image of ringlet,322,ringlet
624,624,19763,image of  ringlet butterfly,322, ringlet butterfly
625,625,27181,image of monarch,323,monarch
626,626,23952,image of  monarch butterfly,323, monarch butterfly
627,627,15903,image of  milkweed butterfly,323, milkweed butterfly
628,628,28309,image of  Danaus plexippus,323, Danaus plexippus
629,629,31193,image of cabbage butterfly,324,cabbage butterfly
630,630,9194,image of sulphur butterfly,325,sulphur butterfly
631,631,9503,image of  sulfur butterfly,325, sulfur butterfly
632,632,9202,image of lycaenid,326,lycaenid
633,633,45552,image of  lycaenid butterfly,326, lycaenid butterfly
634,634,32624,image of starfish,327,starfish
635,635,38153,image of  sea star,327, sea star
636,636,9761,image of sea urchin,328,sea urchin
637,637,19902,image of sea cucumber,329,sea cucumber
638,638,25698,image of  holothurian,329, holothurian
639,639,47771,image of wood rabbit,330,wood rabbit
640,640,8786,image of  cottontail,330, cottontail
641,641,19752,image of  cottontail rabbit,330, cottontail rabbit
642,642,41814,image of hare,331,hare
643,643,28142,image of Angora,332,Angora
644,644,29386,image of  Angora rabbit,332, Angora rabbit
645,645,44142,image of hamster,333,hamster
646,646,6803,image of porcupine,334,porcupine
647,647,48135,image of  hedgehog,334, hedgehog
648,648,2791,image of fox squirrel,335,fox squirrel
649,649,31775,image of  eastern fox squirrel,335, eastern fox squirrel
650,650,30003,image of  Sciurus niger,335, Sciurus niger
651,651,48396,image of marmot,336,marmot
652,652,41023,image of beaver,337,beaver
653,653,33658,image of guinea pig,338,guinea pig
654,654,17060,image of  Cavia cobaya,338, Cavia cobaya
655,655,10775,image of sorrel,339,sorrel
656,656,31002,image of zebra,340,zebra
657,657,28281,image of hog,341,hog
658,658,40199,image of  pig,341, pig
659,659,36914,image of  grunter,341, grunter
660,660,29000,image of  squealer,341, squealer
661,661,8639,image of  Sus scrofa,341, Sus scrofa
662,662,10505,image of wild boar,342,wild boar
663,663,16764,image of  boar,342, boar
664,664,33562,image of  Sus scrofa,342, Sus scrofa
665,665,1053,image of warthog,343,warthog
666,666,11313,image of hippopotamus,344,hippopotamus
667,667,13554,image of  hippo,344, hippo
668,668,22151,image of  river horse,344, river horse
669,669,42263,image of  Hippopotamus amphibius,344, Hippopotamus amphibius
670,670,28625,image of ox,345,ox
671,671,45312,image of water buffalo,346,water buffalo
672,672,45796,image of  water ox,346, water ox
673,673,32072,image of  Asiatic buffalo,346, Asiatic buffalo
674,674,24712,image of  Bubalus bubalis,346, Bubalus bubalis
675,675,23755,image of bison,347,bison
676,676,36467,image of ram,348,ram
677,677,43723,image of  tup,348, tup
678,678,19647,image of bighorn,349,bighorn
679,679,39084,image of  bighorn sheep,349, bighorn sheep
680,680,34350,image of  cimarron,349, cimarron
681,681,45018,image of  Rocky Mountain bighorn,349, Rocky Mountain bighorn
682,682,8531,image of  Rocky Mountain sheep,349, Rocky Mountain sheep
683,683,15903,image of  Ovis canadensis,349, Ovis canadensis
684,684,23351,image of ibex,350,ibex
685,685,47264,image of  Capra ibex,350, Capra ibex
686,686,45977,image of hartebeest,351,hartebeest
687,687,15877,image of impala,352,impala
688,688,3153,image of  Aepyceros melampus,352, Aepyceros melampus
689,689,34399,image of gazelle,353,gazelle
690,690,27129,image of Arabian camel,354,Arabian camel
691,691,27574,image of  dromedary,354, dromedary
692,692,152,image of  Camelus dromedarius,354, Camelus dromedarius
693,693,45387,image of llama,355,llama
694,694,31488,image of weasel,356,weasel
695,695,1472,image of mink,357,mink
696,696,220,image of polecat,358,polecat
697,697,20668,image of  fitch,358, fitch
698,698,48788,image of  foulmart,358, foulmart
699,699,243,image of  foumart,358, foumart
700,700,8216,image of  Mustela putorius,358, Mustela putorius
701,701,10916,image of black-footed ferret,359,black-footed ferret
702,702,34158,image of  ferret,359, ferret
703,703,45487,image of  Mustela nigripes,359, Mustela nigripes
704,704,6538,image of otter,360,otter
705,705,6004,image of skunk,361,skunk
706,706,33963,image of  polecat,361, polecat
707,707,15267,image of  wood pussy,361, wood pussy
708,708,49277,image of badger,362,badger
709,709,32470,image of armadillo,363,armadillo
710,710,47653,image of three-toed sloth,364,three-toed sloth
711,711,48041,image of  ai,364, ai
712,712,17599,image of  Bradypus tridactylus,364, Bradypus tridactylus
713,713,33384,image of orangutan,365,orangutan
714,714,13029,image of  orang,365, orang
715,715,12255,image of  orangutang,365, orangutang
716,716,48,image of  Pongo pygmaeus,365, Pongo pygmaeus
717,717,11877,image of gorilla,366,gorilla
718,718,21148,image of  Gorilla gorilla,366, Gorilla gorilla
719,719,21549,image of chimpanzee,367,chimpanzee
720,720,21240,image of  chimp,367, chimp
721,721,10384,image of  Pan troglodytes,367, Pan troglodytes
722,722,21583,image of gibbon,368,gibbon
723,723,21030,image of  Hylobates lar,368, Hylobates lar
724,724,19160,image of siamang,369,siamang
725,725,31959,image of  Hylobates syndactylus,369, Hylobates syndactylus
726,726,34089,image of  Symphalangus syndactylus,369, Symphalangus syndactylus
727,727,22797,image of guenon,370,guenon
728,728,14083,image of  guenon monkey,370, guenon monkey
729,729,38207,image of patas,371,patas
730,730,34542,image of  hussar monkey,371, hussar monkey
731,731,35321,image of  Erythrocebus patas,371, Erythrocebus patas
732,732,17739,image of baboon,372,baboon
733,733,18152,image of macaque,373,macaque
734,734,4649,image of langur,374,langur
735,735,10931,image of colobus,375,colobus
736,736,13897,image of  colobus monkey,375, colobus monkey
737,737,16907,image of proboscis monkey,376,proboscis monkey
738,738,43526,image of  Nasalis larvatus,376, Nasalis larvatus
739,739,31969,image of marmoset,377,marmoset
740,740,44210,image of capuchin,378,capuchin
741,741,32753,image of  ringtail,378, ringtail
742,742,11693,image of  Cebus capucinus,378, Cebus capucinus
743,743,41518,image of howler monkey,379,howler monkey
744,744,24144,image of  howler,379, howler
745,745,44325,image of titi,380,titi
746,746,18261,image of  titi monkey,380, titi monkey
747,747,44203,image of spider monkey,381,spider monkey
748,748,2998,image of  Ateles geoffroyi,381, Ateles geoffroyi
749,749,3445,image of squirrel monkey,382,squirrel monkey
750,750,11989,image of  Saimiri sciureus,382, Saimiri sciureus
751,751,10210,image of Madagascar cat,383,Madagascar cat
752,752,48157,image of  ring-tailed lemur,383, ring-tailed lemur
753,753,12981,image of  Lemur catta,383, Lemur catta
754,754,35958,image of indri,384,indri
755,755,44793,image of  indris,384, indris
756,756,40933,image of  Indri indri,384, Indri indri
757,757,35602,image of  Indri brevicaudatus,384, Indri brevicaudatus
758,758,23680,image of Indian elephant,385,Indian elephant
759,759,16204,image of  Elephas maximus,385, Elephas maximus
760,760,14147,image of African elephant,386,African elephant
761,761,425,image of  Loxodonta africana,386, Loxodonta africana
762,762,30737,image of lesser panda,387,lesser panda
763,763,37958,image of  red panda,387, red panda
764,764,37329,image of  panda,387, panda
765,765,32370,image of  bear cat,387, bear cat
766,766,13455,image of  cat bear,387, cat bear
767,767,28415,image of  Ailurus fulgens,387, Ailurus fulgens
768,768,23827,image of giant panda,388,giant panda
769,769,44340,image of  panda,388, panda
770,770,37647,image of  panda bear,388, panda bear
771,771,38481,image of  coon bear,388, coon bear
772,772,15021,image of  Ailuropoda melanoleuca,388, Ailuropoda melanoleuca
773,773,39364,image of barracouta,389,barracouta
774,774,8697,image of  snoek,389, snoek
775,775,9788,image of eel,390,eel
776,776,44857,image of coho,391,coho
777,777,36164,image of  cohoe,391, cohoe
778,778,9443,image of  coho salmon,391, coho salmon
779,779,2321,image of  blue jack,391, blue jack
780,780,36150,image of  silver salmon,391, silver salmon
781,781,18757,image of  Oncorhynchus kisutch,391, Oncorhynchus kisutch
782,782,7434,image of rock beauty,392,rock beauty
783,783,46747,image of  Holocanthus tricolor,392, Holocanthus tricolor
784,784,42143,image of anemone fish,393,anemone fish
785,785,12240,image of sturgeon,394,sturgeon
786,786,13488,image of gar,395,gar
787,787,45277,image of  garfish,395, garfish
788,788,49312,image of  garpike,395, garpike
789,789,42728,image of  billfish,395, billfish
790,790,36250,image of  Lepisosteus osseus,395, Lepisosteus osseus
791,791,34277,image of lionfish,396,lionfish
792,792,19952,image of puffer,397,puffer
793,793,29659,image of  pufferfish,397, pufferfish
794,794,38013,image of  blowfish,397, blowfish
795,795,48280,image of  globefish,397, globefish
796,796,42767,image of abacus,398,abacus
797,797,9654,image of abaya,399,abaya
798,798,41037,image of academic gown,400,academic gown
799,799,13683,image of  academic robe,400, academic robe
800,800,3296,image of  judge's robe,400, judge's robe
801,801,20262,image of accordion,401,accordion
802,802,39994,image of  piano accordion,401, piano accordion
803,803,47280,image of  squeeze box,401, squeeze box
804,804,14394,image of acoustic guitar,402,acoustic guitar
805,805,5291,image of aircraft carrier,403,aircraft carrier
806,806,45554,image of  carrier,403, carrier
807,807,33502,image of  flattop,403, flattop
808,808,11194,image of  attack aircraft carrier,403, attack aircraft carrier
809,809,38390,image of airliner,404,airliner
810,810,7187,image of airship,405,airship
811,811,13534,image of  dirigible,405, dirigible
812,812,18116,image of altar,406,altar
813,813,33861,image of ambulance,407,ambulance
814,814,28601,image of amphibian,408,amphibian
815,815,25181,image of  amphibious vehicle,408, amphibious vehicle
816,816,10805,image of analog clock,409,analog clock
817,817,29380,image of apiary,410,apiary
818,818,46109,image of  bee house,410, bee house
819,819,48395,image of apron,411,apron
820,820,48367,image of ashcan,412,ashcan
821,821,45459,image of  trash can,412, trash can
822,822,41876,image of  garbage can,412, garbage can
823,823,26145,image of  wastebin,412, wastebin
824,824,13129,image of  ash bin,412, ash bin
825,825,37131,image of  ash-bin,412, ash-bin
826,826,768,image of  ashbin,412, ashbin
827,827,15939,image of  dustbin,412, dustbin
828,828,45824,image of  trash barrel,412, trash barrel
829,829,6500,image of  trash bin,412, trash bin
830,830,32724,image of assault rifle,413,assault rifle
831,831,9056,image of  assault gun,413, assault gun
832,832,38470,image of backpack,414,backpack
833,833,20127,image of  back pack,414, back pack
834,834,14237,image of  knapsack,414, knapsack
835,835,31178,image of  packsack,414, packsack
836,836,26996,image of  rucksack,414, rucksack
837,837,36785,image of  haversack,414, haversack
838,838,6871,image of bakery,415,bakery
839,839,49757,image of  bakeshop,415, bakeshop
840,840,2621,image of  bakehouse,415, bakehouse
841,841,15106,image of balance beam,416,balance beam
842,842,27500,image of  beam,416, beam
843,843,24371,image of balloon,417,balloon
844,844,20411,image of ballpoint,418,ballpoint
845,845,19673,image of  ballpoint pen,418, ballpoint pen
846,846,33179,image of  ballpen,418, ballpen
847,847,1184,image of  Biro,418, Biro
848,848,36509,image of Band Aid,419,Band Aid
849,849,23261,image of banjo,420,banjo
850,850,48695,image of bannister,421,bannister
851,851,121,image of  banister,421, banister
852,852,22463,image of  balustrade,421, balustrade
853,853,48854,image of  balusters,421, balusters
854,854,24381,image of  handrail,421, handrail
855,855,44948,image of barbell,422,barbell
856,856,49162,image of barber chair,423,barber chair
857,857,31987,image of barbershop,424,barbershop
858,858,48371,image of barn,425,barn
859,859,639,image of barometer,426,barometer
860,860,46752,image of barrel,427,barrel
861,861,22644,image of  cask,427, cask
862,862,49634,image of barrow,428,barrow
863,863,42961,image of  garden cart,428, garden cart
864,864,39862,image of  lawn cart,428, lawn cart
865,865,22942,image of  wheelbarrow,428, wheelbarrow
866,866,19627,image of baseball,429,baseball
867,867,48901,image of basketball,430,basketball
868,868,19858,image of bassinet,431,bassinet
869,869,21816,image of bassoon,432,bassoon
870,870,20433,image of bathing cap,433,bathing cap
871,871,22301,image of  swimming cap,433, swimming cap
872,872,11198,image of bath towel,434,bath towel
873,873,36225,image of bathtub,435,bathtub
874,874,9544,image of  bathing tub,435, bathing tub
875,875,20985,image of  bath,435, bath
876,876,11308,image of  tub,435, tub
877,877,8405,image of beach wagon,436,beach wagon
878,878,49544,image of  station wagon,436, station wagon
879,879,17690,image of  wagon,436, wagon
880,880,5966,image of  estate car,436, estate car
881,881,19012,image of  beach waggon,436, beach waggon
882,882,20322,image of  station waggon,436, station waggon
883,883,28609,image of  waggon,436, waggon
884,884,24907,image of beacon,437,beacon
885,885,14592,image of  lighthouse,437, lighthouse
886,886,48209,image of  beacon light,437, beacon light
887,887,40286,image of  pharos,437, pharos
888,888,18988,image of beaker,438,beaker
889,889,12775,image of bearskin,439,bearskin
890,890,42997,image of  busby,439, busby
891,891,6920,image of  shako,439, shako
892,892,4834,image of beer bottle,440,beer bottle
893,893,9736,image of beer glass,441,beer glass
894,894,49799,image of bell cote,442,bell cote
895,895,33740,image of  bell cot,442, bell cot
896,896,45939,image of bib,443,bib
897,897,28746,image of bicycle-built-for-two,444,bicycle-built-for-two
898,898,10716,image of  tandem bicycle,444, tandem bicycle
899,899,5076,image of  tandem,444, tandem
900,900,16746,image of bikini,445,bikini
901,901,9377,image of  two-piece,445, two-piece
902,902,33708,image of binder,446,binder
903,903,37681,image of  ring-binder,446, ring-binder
904,904,39912,image of binoculars,447,binoculars
905,905,24365,image of  field glasses,447, field glasses
906,906,48021,image of  opera glasses,447, opera glasses
907,907,21101,image of birdhouse,448,birdhouse
908,908,46590,image of boathouse,449,boathouse
909,909,48580,image of bobsled,450,bobsled
910,910,48751,image of  bobsleigh,450, bobsleigh
911,911,2261,image of  bob,450, bob
912,912,29407,image of bolo tie,451,bolo tie
913,913,48152,image of  bolo,451, bolo
914,914,33243,image of  bola tie,451, bola tie
915,915,5940,image of  bola,451, bola
916,916,46983,image of bonnet,452,bonnet
917,917,38338,image of  poke bonnet,452, poke bonnet
918,918,24708,image of bookcase,453,bookcase
919,919,21095,image of bookshop,454,bookshop
920,920,7177,image of  bookstore,454, bookstore
921,921,22333,image of  bookstall,454, bookstall
922,922,37580,image of bottlecap,455,bottlecap
923,923,41413,image of bow,456,bow
924,924,33978,image of bow tie,457,bow tie
925,925,18661,image of  bow-tie,457, bow-tie
926,926,26465,image of  bowtie,457, bowtie
927,927,3331,image of brass,458,brass
928,928,29243,image of  memorial tablet,458, memorial tablet
929,929,24828,image of  plaque,458, plaque
930,930,19019,image of brassiere,459,brassiere
931,931,25311,image of  bra,459, bra
932,932,22403,image of  bandeau,459, bandeau
933,933,26226,image of breakwater,460,breakwater
934,934,28042,image of  groin,460, groin
935,935,32952,image of  groyne,460, groyne
936,936,31913,image of  mole,460, mole
937,937,11852,image of  bulwark,460, bulwark
938,938,14664,image of  seawall,460, seawall
939,939,22742,image of  jetty,460, jetty
940,940,31651,image of breastplate,461,breastplate
941,941,46116,image of  aegis,461, aegis
942,942,20668,image of  egis,461, egis
943,943,15217,image of broom,462,broom
944,944,26927,image of bucket,463,bucket
945,945,18886,image of  pail,463, pail
946,946,18760,image of buckle,464,buckle
947,947,48930,image of bulletproof vest,465,bulletproof vest
948,948,43299,image of bullet train,466,bullet train
949,949,42540,image of  bullet,466, bullet
950,950,34801,image of butcher shop,467,butcher shop
951,951,31254,image of  meat market,467, meat market
952,952,43407,image of cab,468,cab
953,953,14002,image of  hack,468, hack
954,954,22990,image of  taxi,468, taxi
955,955,5309,image of  taxicab,468, taxicab
956,956,28895,image of caldron,469,caldron
957,957,12701,image of  cauldron,469, cauldron
958,958,24466,image of candle,470,candle
959,959,31780,image of  taper,470, taper
960,960,1454,image of  wax light,470, wax light
961,961,6509,image of cannon,471,cannon
962,962,44385,image of canoe,472,canoe
963,963,1162,image of can opener,473,can opener
964,964,31983,image of  tin opener,473, tin opener
965,965,6645,image of cardigan,474,cardigan
966,966,39079,image of car mirror,475,car mirror
967,967,46556,image of carousel,476,carousel
968,968,24604,image of  carrousel,476, carrousel
969,969,49392,image of  merry-go-round,476, merry-go-round
970,970,23696,image of  roundabout,476, roundabout
971,971,39391,image of  whirligig,476, whirligig
972,972,31492,image of carpenter's kit,477,carpenter's kit
973,973,23132,image of  tool kit,477, tool kit
974,974,3295,image of carton,478,carton
975,975,44166,image of car wheel,479,car wheel
976,976,8321,image of cash machine,480,cash machine
977,977,12318,image of  cash dispenser,480, cash dispenser
978,978,42453,image of  automated teller machine,480, automated teller machine
979,979,32728,image of  automatic teller machine,480, automatic teller machine
980,980,41551,image of  automated teller,480, automated teller
981,981,28447,image of  automatic teller,480, automatic teller
982,982,43177,image of  ATM,480, ATM
983,983,48323,image of cassette,481,cassette
984,984,41364,image of cassette player,482,cassette player
985,985,28116,image of castle,483,castle
986,986,25778,image of catamaran,484,catamaran
987,987,47092,image of CD player,485,CD player
988,988,18275,image of cello,486,cello
989,989,22659,image of  violoncello,486, violoncello
990,990,27493,image of cellular telephone,487,cellular telephone
991,991,5190,image of  cellular phone,487, cellular phone
992,992,33464,image of  cellphone,487, cellphone
993,993,30725,image of  cell,487, cell
994,994,45427,image of  mobile phone,487, mobile phone
995,995,38965,image of chain,488,chain
996,996,22438,image of chainlink fence,489,chainlink fence
997,997,25983,image of chain mail,490,chain mail
998,998,28763,image of  ring mail,490, ring mail
999,999,6353,image of  mail,490, mail
1000,1000,10601,image of  chain armor,490, chain armor
1001,1001,7257,image of  chain armour,490, chain armour
1002,1002,46240,image of  ring armor,490, ring armor
1003,1003,40430,image of  ring armour,490, ring armour
1004,1004,10230,image of chain saw,491,chain saw
1005,1005,22679,image of  chainsaw,491, chainsaw
1006,1006,16254,image of chest,492,chest
1007,1007,27483,image of chiffonier,493,chiffonier
1008,1008,27032,image of  commode,493, commode
1009,1009,23932,image of chime,494,chime
1010,1010,48437,image of  bell,494, bell
1011,1011,1720,image of  gong,494, gong
1012,1012,36729,image of china cabinet,495,china cabinet
1013,1013,13091,image of  china closet,495, china closet
1014,1014,14114,image of Christmas stocking,496,Christmas stocking
1015,1015,7348,image of church,497,church
1016,1016,31027,image of  church building,497, church building
1017,1017,5675,image of cinema,498,cinema
1018,1018,25488,image of  movie theater,498, movie theater
1019,1019,7762,image of  movie theatre,498, movie theatre
1020,1020,1212,image of  movie house,498, movie house
1021,1021,37116,image of  picture palace,498, picture palace
1022,1022,35393,image of cleaver,499,cleaver
1023,1023,45228,image of  meat cleaver,499, meat cleaver
1024,1024,32422,image of  chopper,499, chopper
1025,1025,14885,image of cliff dwelling,500,cliff dwelling
1026,1026,28203,image of cloak,501,cloak
1027,1027,27647,image of clog,502,clog
1028,1028,34713,image of  geta,502, geta
1029,1029,25697,image of  patten,502, patten
1030,1030,26905,image of  sabot,502, sabot
1031,1031,31880,image of cocktail shaker,503,cocktail shaker
1032,1032,29592,image of coffee mug,504,coffee mug
1033,1033,30229,image of coffeepot,505,coffeepot
1034,1034,41028,image of coil,506,coil
1035,1035,17833,image of  spiral,506, spiral
1036,1036,30225,image of  volute,506, volute
1037,1037,16871,image of  whorl,506, whorl
1038,1038,23675,image of  helix,506, helix
1039,1039,19267,image of combination lock,507,combination lock
1040,1040,21077,image of computer keyboard,508,computer keyboard
1041,1041,408,image of  keypad,508, keypad
1042,1042,20785,image of confectionery,509,confectionery
1043,1043,28991,image of  confectionary,509, confectionary
1044,1044,19744,image of  candy store,509, candy store
1045,1045,18375,image of container ship,510,container ship
1046,1046,22940,image of  containership,510, containership
1047,1047,23114,image of  container vessel,510, container vessel
1048,1048,30775,image of convertible,511,convertible
1049,1049,37638,image of corkscrew,512,corkscrew
1050,1050,7147,image of  bottle screw,512, bottle screw
1051,1051,10319,image of cornet,513,cornet
1052,1052,49489,image of  horn,513, horn
1053,1053,30674,image of  trumpet,513, trumpet
1054,1054,10329,image of  trump,513, trump
1055,1055,47691,image of cowboy boot,514,cowboy boot
1056,1056,36301,image of cowboy hat,515,cowboy hat
1057,1057,29466,image of  ten-gallon hat,515, ten-gallon hat
1058,1058,29397,image of cradle,516,cradle
1059,1059,47102,image of crane,517,crane
1060,1060,20615,image of crash helmet,518,crash helmet
1061,1061,18523,image of crate,519,crate
1062,1062,43141,image of crib,520,crib
1063,1063,23976,image of  cot,520, cot
1064,1064,8657,image of Crock Pot,521,Crock Pot
1065,1065,14767,image of croquet ball,522,croquet ball
1066,1066,7163,image of crutch,523,crutch
1067,1067,17424,image of cuirass,524,cuirass
1068,1068,18832,image of dam,525,dam
1069,1069,31826,image of  dike,525, dike
1070,1070,27211,image of  dyke,525, dyke
1071,1071,33649,image of desk,526,desk
1072,1072,44003,image of desktop computer,527,desktop computer
1073,1073,5649,image of dial telephone,528,dial telephone
1074,1074,37665,image of  dial phone,528, dial phone
1075,1075,24225,image of diaper,529,diaper
1076,1076,25540,image of  nappy,529, nappy
1077,1077,45461,image of  napkin,529, napkin
1078,1078,23300,image of digital clock,530,digital clock
1079,1079,31287,image of digital watch,531,digital watch
1080,1080,14021,image of dining table,532,dining table
1081,1081,12532,image of  board,532, board
1082,1082,37731,image of dishrag,533,dishrag
1083,1083,34882,image of  dishcloth,533, dishcloth
1084,1084,28950,image of dishwasher,534,dishwasher
1085,1085,12675,image of  dish washer,534, dish washer
1086,1086,38978,image of  dishwashing machine,534, dishwashing machine
1087,1087,49318,image of disk brake,535,disk brake
1088,1088,2677,image of  disc brake,535, disc brake
1089,1089,31171,image of dock,536,dock
1090,1090,23844,image of  dockage,536, dockage
1091,1091,34719,image of  docking facility,536, docking facility
1092,1092,5537,image of dogsled,537,dogsled
1093,1093,5975,image of  dog sled,537, dog sled
1094,1094,21312,image of  dog sleigh,537, dog sleigh
1095,1095,45463,image of dome,538,dome
1096,1096,17019,image of doormat,539,doormat
1097,1097,6594,image of  welcome mat,539, welcome mat
1098,1098,482,image of drilling platform,540,drilling platform
1099,1099,18820,image of  offshore rig,540, offshore rig
1100,1100,46391,image of drum,541,drum
1101,1101,45682,image of  membranophone,541, membranophone
1102,1102,2294,image of  tympan,541, tympan
1103,1103,28536,image of drumstick,542,drumstick
1104,1104,30391,image of dumbbell,543,dumbbell
1105,1105,49540,image of Dutch oven,544,Dutch oven
1106,1106,26304,image of electric fan,545,electric fan
1107,1107,47932,image of  blower,545, blower
1108,1108,40104,image of electric guitar,546,electric guitar
1109,1109,49703,image of electric locomotive,547,electric locomotive
1110,1110,35966,image of entertainment center,548,entertainment center
1111,1111,7674,image of envelope,549,envelope
1112,1112,3835,image of espresso maker,550,espresso maker
1113,1113,19152,image of face powder,551,face powder
1114,1114,49197,image of feather boa,552,feather boa
1115,1115,49658,image of  boa,552, boa
1116,1116,12530,image of file,553,file
1117,1117,41706,image of  file cabinet,553, file cabinet
1118,1118,5069,image of  filing cabinet,553, filing cabinet
1119,1119,35179,image of fireboat,554,fireboat
1120,1120,28257,image of fire engine,555,fire engine
1121,1121,20508,image of  fire truck,555, fire truck
1122,1122,35986,image of fire screen,556,fire screen
1123,1123,16023,image of  fireguard,556, fireguard
1124,1124,5079,image of flagpole,557,flagpole
1125,1125,29669,image of  flagstaff,557, flagstaff
1126,1126,42323,image of flute,558,flute
1127,1127,38089,image of  transverse flute,558, transverse flute
1128,1128,7060,image of folding chair,559,folding chair
1129,1129,29770,image of football helmet,560,football helmet
1130,1130,29295,image of forklift,561,forklift
1131,1131,45086,image of fountain,562,fountain
1132,1132,13025,image of fountain pen,563,fountain pen
1133,1133,661,image of four-poster,564,four-poster
1134,1134,43956,image of freight car,565,freight car
1135,1135,11857,image of French horn,566,French horn
1136,1136,11347,image of  horn,566, horn
1137,1137,27702,image of frying pan,567,frying pan
1138,1138,32624,image of  frypan,567, frypan
1139,1139,616,image of  skillet,567, skillet
1140,1140,29012,image of fur coat,568,fur coat
1141,1141,19779,image of garbage truck,569,garbage truck
1142,1142,28825,image of  dustcart,569, dustcart
1143,1143,11722,image of gasmask,570,gasmask
1144,1144,12150,image of  respirator,570, respirator
1145,1145,47871,image of  gas helmet,570, gas helmet
1146,1146,23929,image of gas pump,571,gas pump
1147,1147,49959,image of  gasoline pump,571, gasoline pump
1148,1148,17774,image of  petrol pump,571, petrol pump
1149,1149,30461,image of  island dispenser,571, island dispenser
1150,1150,6114,image of goblet,572,goblet
1151,1151,16646,image of go-kart,573,go-kart
1152,1152,15728,image of golf ball,574,golf ball
1153,1153,38167,image of golfcart,575,golfcart
1154,1154,1148,image of  golf cart,575, golf cart
1155,1155,10118,image of gondola,576,gondola
1156,1156,942,image of gong,577,gong
1157,1157,23943,image of  tam-tam,577, tam-tam
1158,1158,1211,image of gown,578,gown
1159,1159,23138,image of grand piano,579,grand piano
1160,1160,28301,image of  grand,579, grand
1161,1161,30922,image of greenhouse,580,greenhouse
1162,1162,34420,image of  nursery,580, nursery
1163,1163,6017,image of  glasshouse,580, glasshouse
1164,1164,37147,image of grille,581,grille
1165,1165,31658,image of  radiator grille,581, radiator grille
1166,1166,16399,image of grocery store,582,grocery store
1167,1167,40213,image of  grocery,582, grocery
1168,1168,28971,image of  food market,582, food market
1169,1169,26517,image of  market,582, market
1170,1170,10075,image of guillotine,583,guillotine
1171,1171,26073,image of hair slide,584,hair slide
1172,1172,48788,image of hair spray,585,hair spray
1173,1173,35701,image of half track,586,half track
1174,1174,7018,image of hammer,587,hammer
1175,1175,27670,image of hamper,588,hamper
1176,1176,222,image of hand blower,589,hand blower
1177,1177,22972,image of  blow dryer,589, blow dryer
1178,1178,3007,image of  blow drier,589, blow drier
1179,1179,33519,image of  hair dryer,589, hair dryer
1180,1180,17957,image of  hair drier,589, hair drier
1181,1181,49656,image of hand-held computer,590,hand-held computer
1182,1182,8496,image of  hand-held microcomputer,590, hand-held microcomputer
1183,1183,38718,image of handkerchief,591,handkerchief
1184,1184,15007,image of  hankie,591, hankie
1185,1185,4864,image of  hanky,591, hanky
1186,1186,5312,image of  hankey,591, hankey
1187,1187,33261,image of hard disc,592,hard disc
1188,1188,47435,image of  hard disk,592, hard disk
1189,1189,15755,image of  fixed disk,592, fixed disk
1190,1190,35379,image of harmonica,593,harmonica
1191,1191,44245,image of  mouth organ,593, mouth organ
1192,1192,35249,image of  harp,593, harp
1193,1193,15283,image of  mouth harp,593, mouth harp
1194,1194,13928,image of harp,594,harp
1195,1195,2993,image of harvester,595,harvester
1196,1196,40715,image of  reaper,595, reaper
1197,1197,2963,image of hatchet,596,hatchet
1198,1198,11129,image of holster,597,holster
1199,1199,23718,image of home theater,598,home theater
1200,1200,1041,image of  home theatre,598, home theatre
1201,1201,32268,image of honeycomb,599,honeycomb
1202,1202,30694,image of hook,600,hook
1203,1203,11152,image of  claw,600, claw
1204,1204,24331,image of hoopskirt,601,hoopskirt
1205,1205,27779,image of  crinoline,601, crinoline
1206,1206,46968,image of horizontal bar,602,horizontal bar
1207,1207,22935,image of  high bar,602, high bar
1208,1208,21542,image of horse cart,603,horse cart
1209,1209,710,image of  horse-cart,603, horse-cart
1210,1210,47233,image of hourglass,604,hourglass
1211,1211,11971,image of iPod,605,iPod
1212,1212,30306,image of iron,606,iron
1213,1213,38265,image of  smoothing iron,606, smoothing iron
1214,1214,34765,image of jack-o'-lantern,607,jack-o'-lantern
1215,1215,32831,image of jean,608,jean
1216,1216,48348,image of  blue jean,608, blue jean
1217,1217,23887,image of  denim,608, denim
1218,1218,7359,image of jeep,609,jeep
1219,1219,7322,image of  landrover,609, landrover
1220,1220,11396,image of jersey,610,jersey
1221,1221,19769,image of  T-shirt,610, T-shirt
1222,1222,12860,image of  tee shirt,610, tee shirt
1223,1223,15765,image of jigsaw puzzle,611,jigsaw puzzle
1224,1224,29333,image of jinrikisha,612,jinrikisha
1225,1225,1586,image of  ricksha,612, ricksha
1226,1226,3360,image of  rickshaw,612, rickshaw
1227,1227,34530,image of joystick,613,joystick
1228,1228,28958,image of kimono,614,kimono
1229,1229,47126,image of knee pad,615,knee pad
1230,1230,518,image of knot,616,knot
1231,1231,40093,image of lab coat,617,lab coat
1232,1232,29640,image of  laboratory coat,617, laboratory coat
1233,1233,46048,image of ladle,618,ladle
1234,1234,661,image of lampshade,619,lampshade
1235,1235,47996,image of  lamp shade,619, lamp shade
1236,1236,14435,image of laptop,620,laptop
1237,1237,47721,image of  laptop computer,620, laptop computer
1238,1238,46428,image of lawn mower,621,lawn mower
1239,1239,19304,image of  mower,621, mower
1240,1240,13130,image of lens cap,622,lens cap
1241,1241,37157,image of  lens cover,622, lens cover
1242,1242,17239,image of letter opener,623,letter opener
1243,1243,15576,image of  paper knife,623, paper knife
1244,1244,151,image of  paperknife,623, paperknife
1245,1245,48531,image of library,624,library
1246,1246,46034,image of lifeboat,625,lifeboat
1247,1247,16887,image of lighter,626,lighter
1248,1248,20201,image of  light,626, light
1249,1249,13837,image of  igniter,626, igniter
1250,1250,49691,image of  ignitor,626, ignitor
1251,1251,24459,image of limousine,627,limousine
1252,1252,2204,image of  limo,627, limo
1253,1253,25082,image of liner,628,liner
1254,1254,30670,image of  ocean liner,628, ocean liner
1255,1255,45846,image of lipstick,629,lipstick
1256,1256,44715,image of  lip rouge,629, lip rouge
1257,1257,45716,image of Loafer,630,Loafer
1258,1258,2439,image of lotion,631,lotion
1259,1259,27595,image of loudspeaker,632,loudspeaker
1260,1260,26824,image of  speaker,632, speaker
1261,1261,29196,image of  speaker unit,632, speaker unit
1262,1262,13574,image of  loudspeaker system,632, loudspeaker system
1263,1263,36146,image of  speaker system,632, speaker system
1264,1264,13749,image of loupe,633,loupe
1265,1265,42325,image of  jeweler's loupe,633, jeweler's loupe
1266,1266,42178,image of lumbermill,634,lumbermill
1267,1267,21608,image of  sawmill,634, sawmill
1268,1268,24065,image of magnetic compass,635,magnetic compass
1269,1269,46047,image of mailbag,636,mailbag
1270,1270,42693,image of  postbag,636, postbag
1271,1271,19737,image of mailbox,637,mailbox
1272,1272,26407,image of  letter box,637, letter box
1273,1273,18206,image of maillot,638,maillot
1274,1274,21826,image of maillot,639,maillot
1275,1275,30390,image of  tank suit,639, tank suit
1276,1276,2361,image of manhole cover,640,manhole cover
1277,1277,47202,image of maraca,641,maraca
1278,1278,35525,image of marimba,642,marimba
1279,1279,34241,image of  xylophone,642, xylophone
1280,1280,49228,image of mask,643,mask
1281,1281,24893,image of matchstick,644,matchstick
1282,1282,40748,image of maypole,645,maypole
1283,1283,512,image of maze,646,maze
1284,1284,6866,image of  labyrinth,646, labyrinth
1285,1285,25553,image of measuring cup,647,measuring cup
1286,1286,45070,image of medicine chest,648,medicine chest
1287,1287,7557,image of  medicine cabinet,648, medicine cabinet
1288,1288,15319,image of megalith,649,megalith
1289,1289,16697,image of  megalithic structure,649, megalithic structure
1290,1290,1184,image of microphone,650,microphone
1291,1291,17533,image of  mike,650, mike
1292,1292,5427,image of microwave,651,microwave
1293,1293,2954,image of  microwave oven,651, microwave oven
1294,1294,46379,image of military uniform,652,military uniform
1295,1295,40097,image of milk can,653,milk can
1296,1296,41468,image of minibus,654,minibus
1297,1297,8913,image of miniskirt,655,miniskirt
1298,1298,14528,image of  mini,655, mini
1299,1299,21888,image of minivan,656,minivan
1300,1300,44787,image of missile,657,missile
1301,1301,955,image of mitten,658,mitten
1302,1302,1155,image of mixing bowl,659,mixing bowl
1303,1303,8068,image of mobile home,660,mobile home
1304,1304,25030,image of  manufactured home,660, manufactured home
1305,1305,36886,image of Model T,661,Model T
1306,1306,17457,image of modem,662,modem
1307,1307,26680,image of monastery,663,monastery
1308,1308,13804,image of monitor,664,monitor
1309,1309,15440,image of moped,665,moped
1310,1310,7037,image of mortar,666,mortar
1311,1311,44076,image of mortarboard,667,mortarboard
1312,1312,10405,image of mosque,668,mosque
1313,1313,10277,image of mosquito net,669,mosquito net
1314,1314,7210,image of motor scooter,670,motor scooter
1315,1315,877,image of  scooter,670, scooter
1316,1316,42147,image of mountain bike,671,mountain bike
1317,1317,935,image of  all-terrain bike,671, all-terrain bike
1318,1318,27980,image of  off-roader,671, off-roader
1319,1319,25570,image of mountain tent,672,mountain tent
1320,1320,3657,image of mouse,673,mouse
1321,1321,43049,image of  computer mouse,673, computer mouse
1322,1322,2133,image of mousetrap,674,mousetrap
1323,1323,9862,image of moving van,675,moving van
1324,1324,36449,image of muzzle,676,muzzle
1325,1325,18439,image of nail,677,nail
1326,1326,28657,image of neck brace,678,neck brace
1327,1327,21429,image of necklace,679,necklace
1328,1328,35224,image of nipple,680,nipple
1329,1329,45635,image of notebook,681,notebook
1330,1330,29159,image of  notebook computer,681, notebook computer
1331,1331,9633,image of obelisk,682,obelisk
1332,1332,17235,image of oboe,683,oboe
1333,1333,21225,image of  hautboy,683, hautboy
1334,1334,49853,image of  hautbois,683, hautbois
1335,1335,32162,image of ocarina,684,ocarina
1336,1336,11666,image of  sweet potato,684, sweet potato
1337,1337,1101,image of odometer,685,odometer
1338,1338,40185,image of  hodometer,685, hodometer
1339,1339,35853,image of  mileometer,685, mileometer
1340,1340,43939,image of  milometer,685, milometer
1341,1341,37991,image of oil filter,686,oil filter
1342,1342,28215,image of organ,687,organ
1343,1343,32154,image of  pipe organ,687, pipe organ
1344,1344,14846,image of oscilloscope,688,oscilloscope
1345,1345,42861,image of  scope,688, scope
1346,1346,37714,image of  cathode-ray oscilloscope,688, cathode-ray oscilloscope
1347,1347,20930,image of  CRO,688, CRO
1348,1348,19920,image of overskirt,689,overskirt
1349,1349,28016,image of oxcart,690,oxcart
1350,1350,39026,image of oxygen mask,691,oxygen mask
1351,1351,8352,image of packet,692,packet
1352,1352,27537,image of paddle,693,paddle
1353,1353,26846,image of  boat paddle,693, boat paddle
1354,1354,5229,image of paddlewheel,694,paddlewheel
1355,1355,24711,image of  paddle wheel,694, paddle wheel
1356,1356,18927,image of padlock,695,padlock
1357,1357,32759,image of paintbrush,696,paintbrush
1358,1358,34282,image of pajama,697,pajama
1359,1359,49764,image of  pyjama,697, pyjama
1360,1360,35114,image of  pj's,697, pj's
1361,1361,15458,image of  jammies,697, jammies
1362,1362,28259,image of palace,698,palace
1363,1363,4285,image of panpipe,699,panpipe
1364,1364,39973,image of  pandean pipe,699, pandean pipe
1365,1365,31362,image of  syrinx,699, syrinx
1366,1366,24159,image of paper towel,700,paper towel
1367,1367,29185,image of parachute,701,parachute
1368,1368,25678,image of  chute,701, chute
1369,1369,22531,image of parallel bars,702,parallel bars
1370,1370,16660,image of  bars,702, bars
1371,1371,25376,image of park bench,703,park bench
1372,1372,38087,image of parking meter,704,parking meter
1373,1373,38296,image of passenger car,705,passenger car
1374,1374,6629,image of  coach,705, coach
1375,1375,33079,image of  carriage,705, carriage
1376,1376,34056,image of patio,706,patio
1377,1377,36081,image of  terrace,706, terrace
1378,1378,8809,image of pay-phone,707,pay-phone
1379,1379,44,image of  pay-station,707, pay-station
1380,1380,44698,image of pedestal,708,pedestal
1381,1381,39762,image of  plinth,708, plinth
1382,1382,18494,image of  footstall,708, footstall
1383,1383,2023,image of pencil box,709,pencil box
1384,1384,23282,image of  pencil case,709, pencil case
1385,1385,35431,image of pencil sharpener,710,pencil sharpener
1386,1386,14391,image of perfume,711,perfume
1387,1387,28891,image of  essence,711, essence
1388,1388,36842,image of Petri dish,712,Petri dish
1389,1389,44645,image of photocopier,713,photocopier
1390,1390,12974,image of pick,714,pick
1391,1391,1659,image of  plectrum,714, plectrum
1392,1392,21139,image of  plectron,714, plectron
1393,1393,44732,image of pickelhaube,715,pickelhaube
1394,1394,7109,image of picket fence,716,picket fence
1395,1395,14298,image of  paling,716, paling
1396,1396,1104,image of pickup,717,pickup
1397,1397,7269,image of  pickup truck,717, pickup truck
1398,1398,36122,image of pier,718,pier
1399,1399,23169,image of piggy bank,719,piggy bank
1400,1400,15273,image of  penny bank,719, penny bank
1401,1401,1600,image of pill bottle,720,pill bottle
1402,1402,22799,image of pillow,721,pillow
1403,1403,47514,image of ping-pong ball,722,ping-pong ball
1404,1404,25256,image of pinwheel,723,pinwheel
1405,1405,41528,image of pirate,724,pirate
1406,1406,43457,image of  pirate ship,724, pirate ship
1407,1407,5402,image of pitcher,725,pitcher
1408,1408,44056,image of  ewer,725, ewer
1409,1409,3539,image of plane,726,plane
1410,1410,42824,image of  carpenter's plane,726, carpenter's plane
1411,1411,37888,image of  woodworking plane,726, woodworking plane
1412,1412,17105,image of planetarium,727,planetarium
1413,1413,1838,image of plastic bag,728,plastic bag
1414,1414,42273,image of plate rack,729,plate rack
1415,1415,22782,image of plow,730,plow
1416,1416,27236,image of  plough,730, plough
1417,1417,9498,image of plunger,731,plunger
1418,1418,44824,image of  plumber's helper,731, plumber's helper
1419,1419,8180,image of Polaroid camera,732,Polaroid camera
1420,1420,41147,image of  Polaroid Land camera,732, Polaroid Land camera
1421,1421,3289,image of pole,733,pole
1422,1422,33035,image of police van,734,police van
1423,1423,5729,image of  police wagon,734, police wagon
1424,1424,9084,image of  paddy wagon,734, paddy wagon
1425,1425,4082,image of  patrol wagon,734, patrol wagon
1426,1426,45482,image of  wagon,734, wagon
1427,1427,8657,image of  black Maria,734, black Maria
1428,1428,32804,image of poncho,735,poncho
1429,1429,24016,image of pool table,736,pool table
1430,1430,16499,image of  billiard table,736, billiard table
1431,1431,33690,image of  snooker table,736, snooker table
1432,1432,48602,image of pop bottle,737,pop bottle
1433,1433,11162,image of  soda bottle,737, soda bottle
1434,1434,26510,image of pot,738,pot
1435,1435,7586,image of  flowerpot,738, flowerpot
1436,1436,20580,image of potter's wheel,739,potter's wheel
1437,1437,34717,image of power drill,740,power drill
1438,1438,39333,image of prayer rug,741,prayer rug
1439,1439,28814,image of  prayer mat,741, prayer mat
1440,1440,33591,image of printer,742,printer
1441,1441,32198,image of prison,743,prison
1442,1442,40628,image of  prison house,743, prison house
1443,1443,17068,image of projectile,744,projectile
1444,1444,21355,image of  missile,744, missile
1445,1445,46029,image of projector,745,projector
1446,1446,287,image of puck,746,puck
1447,1447,27979,image of  hockey puck,746, hockey puck
1448,1448,34827,image of punching bag,747,punching bag
1449,1449,28145,image of  punch bag,747, punch bag
1450,1450,42449,image of  punching ball,747, punching ball
1451,1451,18475,image of  punchball,747, punchball
1452,1452,11921,image of purse,748,purse
1453,1453,30978,image of quill,749,quill
1454,1454,24000,image of  quill pen,749, quill pen
1455,1455,37514,image of quilt,750,quilt
1456,1456,21611,image of  comforter,750, comforter
1457,1457,2599,image of  comfort,750, comfort
1458,1458,40819,image of  puff,750, puff
1459,1459,11815,image of racer,751,racer
1460,1460,42844,image of  race car,751, race car
1461,1461,13303,image of  racing car,751, racing car
1462,1462,27877,image of racket,752,racket
1463,1463,37644,image of  racquet,752, racquet
1464,1464,47949,image of radiator,753,radiator
1465,1465,29822,image of radio,754,radio
1466,1466,9177,image of  wireless,754, wireless
1467,1467,31543,image of radio telescope,755,radio telescope
1468,1468,31305,image of  radio reflector,755, radio reflector
1469,1469,4627,image of rain barrel,756,rain barrel
1470,1470,5050,image of recreational vehicle,757,recreational vehicle
1471,1471,43832,image of  RV,757, RV
1472,1472,4906,image of  R.V.,757, R.V.
1473,1473,31789,image of reel,758,reel
1474,1474,29402,image of reflex camera,759,reflex camera
1475,1475,47610,image of refrigerator,760,refrigerator
1476,1476,43290,image of  icebox,760, icebox
1477,1477,10708,image of remote control,761,remote control
1478,1478,47985,image of  remote,761, remote
1479,1479,44590,image of restaurant,762,restaurant
1480,1480,14311,image of  eating house,762, eating house
1481,1481,49723,image of  eating place,762, eating place
1482,1482,44005,image of  eatery,762, eatery
1483,1483,35953,image of revolver,763,revolver
1484,1484,23072,image of  six-gun,763, six-gun
1485,1485,41908,image of  six-shooter,763, six-shooter
1486,1486,6356,image of rifle,764,rifle
1487,1487,20569,image of rocking chair,765,rocking chair
1488,1488,39422,image of  rocker,765, rocker
1489,1489,44993,image of rotisserie,766,rotisserie
1490,1490,1815,image of rubber eraser,767,rubber eraser
1491,1491,2091,image of  rubber,767, rubber
1492,1492,21295,image of  pencil eraser,767, pencil eraser
1493,1493,2378,image of rugby ball,768,rugby ball
1494,1494,11106,image of rule,769,rule
1495,1495,49502,image of  ruler,769, ruler
1496,1496,39337,image of running shoe,770,running shoe
1497,1497,13089,image of safe,771,safe
1498,1498,7943,image of safety pin,772,safety pin
1499,1499,23550,image of saltshaker,773,saltshaker
1500,1500,7087,image of  salt shaker,773, salt shaker
1501,1501,38325,image of sandal,774,sandal
1502,1502,33130,image of sarong,775,sarong
1503,1503,17623,image of sax,776,sax
1504,1504,13460,image of  saxophone,776, saxophone
1505,1505,27208,image of scabbard,777,scabbard
1506,1506,21073,image of scale,778,scale
1507,1507,46961,image of  weighing machine,778, weighing machine
1508,1508,38823,image of school bus,779,school bus
1509,1509,46546,image of schooner,780,schooner
1510,1510,48643,image of scoreboard,781,scoreboard
1511,1511,40300,image of screen,782,screen
1512,1512,43656,image of  CRT screen,782, CRT screen
1513,1513,37006,image of screw,783,screw
1514,1514,16508,image of screwdriver,784,screwdriver
1515,1515,21561,image of seat belt,785,seat belt
1516,1516,5997,image of  seatbelt,785, seatbelt
1517,1517,45072,image of sewing machine,786,sewing machine
1518,1518,4350,image of shield,787,shield
1519,1519,35087,image of  buckler,787, buckler
1520,1520,47891,image of shoe shop,788,shoe shop
1521,1521,3987,image of  shoe-shop,788, shoe-shop
1522,1522,38273,image of  shoe store,788, shoe store
1523,1523,30385,image of shoji,789,shoji
1524,1524,37625,image of shopping basket,790,shopping basket
1525,1525,49346,image of shopping cart,791,shopping cart
1526,1526,2926,image of shovel,792,shovel
1527,1527,7421,image of shower cap,793,shower cap
1528,1528,36953,image of shower curtain,794,shower curtain
1529,1529,1490,image of ski,795,ski
1530,1530,33294,image of ski mask,796,ski mask
1531,1531,31532,image of sleeping bag,797,sleeping bag
1532,1532,22531,image of slide rule,798,slide rule
1533,1533,32160,image of  slipstick,798, slipstick
1534,1534,16173,image of sliding door,799,sliding door
1535,1535,22031,image of slot,800,slot
1536,1536,49976,image of  one-armed bandit,800, one-armed bandit
1537,1537,10695,image of snorkel,801,snorkel
1538,1538,8298,image of snowmobile,802,snowmobile
1539,1539,13870,image of snowplow,803,snowplow
1540,1540,36694,image of  snowplough,803, snowplough
1541,1541,29827,image of soap dispenser,804,soap dispenser
1542,1542,38941,image of soccer ball,805,soccer ball
1543,1543,20709,image of sock,806,sock
1544,1544,24757,image of solar dish,807,solar dish
1545,1545,20644,image of  solar collector,807, solar collector
1546,1546,26614,image of  solar furnace,807, solar furnace
1547,1547,19289,image of sombrero,808,sombrero
1548,1548,9175,image of soup bowl,809,soup bowl
1549,1549,28788,image of space bar,810,space bar
1550,1550,44437,image of space heater,811,space heater
1551,1551,29296,image of space shuttle,812,space shuttle
1552,1552,38698,image of spatula,813,spatula
1553,1553,34146,image of speedboat,814,speedboat
1554,1554,20557,image of spider web,815,spider web
1555,1555,46269,image of  spider's web,815, spider's web
1556,1556,1231,image of spindle,816,spindle
1557,1557,46385,image of sports car,817,sports car
1558,1558,6731,image of  sport car,817, sport car
1559,1559,18315,image of spotlight,818,spotlight
1560,1560,23620,image of  spot,818, spot
1561,1561,19685,image of stage,819,stage
1562,1562,35286,image of steam locomotive,820,steam locomotive
1563,1563,26731,image of steel arch bridge,821,steel arch bridge
1564,1564,46619,image of steel drum,822,steel drum
1565,1565,46078,image of stethoscope,823,stethoscope
1566,1566,24282,image of stole,824,stole
1567,1567,42996,image of stone wall,825,stone wall
1568,1568,9203,image of stopwatch,826,stopwatch
1569,1569,40810,image of  stop watch,826, stop watch
1570,1570,9135,image of stove,827,stove
1571,1571,43374,image of strainer,828,strainer
1572,1572,32952,image of streetcar,829,streetcar
1573,1573,32722,image of  tram,829, tram
1574,1574,46606,image of  tramcar,829, tramcar
1575,1575,15354,image of  trolley,829, trolley
1576,1576,6670,image of  trolley car,829, trolley car
1577,1577,19125,image of stretcher,830,stretcher
1578,1578,9812,image of studio couch,831,studio couch
1579,1579,43301,image of  day bed,831, day bed
1580,1580,19778,image of stupa,832,stupa
1581,1581,36592,image of  tope,832, tope
1582,1582,36800,image of submarine,833,submarine
1583,1583,18150,image of  pigboat,833, pigboat
1584,1584,14459,image of  sub,833, sub
1585,1585,40259,image of  U-boat,833, U-boat
1586,1586,21624,image of suit,834,suit
1587,1587,29075,image of  suit of clothes,834, suit of clothes
1588,1588,24930,image of sundial,835,sundial
1589,1589,19601,image of sunglass,836,sunglass
1590,1590,45254,image of sunglasses,837,sunglasses
1591,1591,2425,image of  dark glasses,837, dark glasses
1592,1592,24290,image of  shades,837, shades
1593,1593,46648,image of sunscreen,838,sunscreen
1594,1594,49401,image of  sunblock,838, sunblock
1595,1595,12206,image of  sun blocker,838, sun blocker
1596,1596,1899,image of suspension bridge,839,suspension bridge
1597,1597,14526,image of swab,840,swab
1598,1598,31297,image of  swob,840, swob
1599,1599,23335,image of  mop,840, mop
1600,1600,5610,image of sweatshirt,841,sweatshirt
1601,1601,8212,image of swimming trunks,842,swimming trunks
1602,1602,38491,image of  bathing trunks,842, bathing trunks
1603,1603,10462,image of swing,843,swing
1604,1604,29037,image of switch,844,switch
1605,1605,20028,image of  electric switch,844, electric switch
1606,1606,39831,image of  electrical switch,844, electrical switch
1607,1607,24930,image of syringe,845,syringe
1608,1608,21841,image of table lamp,846,table lamp
1609,1609,27565,image of tank,847,tank
1610,1610,31228,image of  army tank,847, army tank
1611,1611,15862,image of  armored combat vehicle,847, armored combat vehicle
1612,1612,12220,image of  armoured combat vehicle,847, armoured combat vehicle
1613,1613,20410,image of tape player,848,tape player
1614,1614,23599,image of teapot,849,teapot
1615,1615,34472,image of teddy,850,teddy
1616,1616,19253,image of  teddy bear,850, teddy bear
1617,1617,17869,image of television,851,television
1618,1618,17339,image of  television system,851, television system
1619,1619,37852,image of tennis ball,852,tennis ball
1620,1620,12528,image of thatch,853,thatch
1621,1621,45428,image of  thatched roof,853, thatched roof
1622,1622,10612,image of theater curtain,854,theater curtain
1623,1623,22013,image of  theatre curtain,854, theatre curtain
1624,1624,16031,image of thimble,855,thimble
1625,1625,24474,image of thresher,856,thresher
1626,1626,22022,image of  thrasher,856, thrasher
1627,1627,43291,image of  threshing machine,856, threshing machine
1628,1628,41193,image of throne,857,throne
1629,1629,38034,image of tile roof,858,tile roof
1630,1630,43911,image of toaster,859,toaster
1631,1631,368,image of tobacco shop,860,tobacco shop
1632,1632,15419,image of  tobacconist shop,860, tobacconist shop
1633,1633,13957,image of  tobacconist,860, tobacconist
1634,1634,23244,image of toilet seat,861,toilet seat
1635,1635,4137,image of torch,862,torch
1636,1636,5012,image of totem pole,863,totem pole
1637,1637,9930,image of tow truck,864,tow truck
1638,1638,34829,image of  tow car,864, tow car
1639,1639,2675,image of  wrecker,864, wrecker
1640,1640,6205,image of toyshop,865,toyshop
1641,1641,19254,image of tractor,866,tractor
1642,1642,22763,image of trailer truck,867,trailer truck
1643,1643,18034,image of  tractor trailer,867, tractor trailer
1644,1644,16320,image of  trucking rig,867, trucking rig
1645,1645,39712,image of  rig,867, rig
1646,1646,11065,image of  articulated lorry,867, articulated lorry
1647,1647,49100,image of  semi,867, semi
1648,1648,842,image of tray,868,tray
1649,1649,44086,image of trench coat,869,trench coat
1650,1650,21989,image of tricycle,870,tricycle
1651,1651,17426,image of  trike,870, trike
1652,1652,10714,image of  velocipede,870, velocipede
1653,1653,35222,image of trimaran,871,trimaran
1654,1654,4792,image of tripod,872,tripod
1655,1655,32503,image of triumphal arch,873,triumphal arch
1656,1656,10912,image of trolleybus,874,trolleybus
1657,1657,41135,image of  trolley coach,874, trolley coach
1658,1658,39206,image of  trackless trolley,874, trackless trolley
1659,1659,18860,image of trombone,875,trombone
1660,1660,34751,image of tub,876,tub
1661,1661,5181,image of  vat,876, vat
1662,1662,13381,image of turnstile,877,turnstile
1663,1663,12189,image of typewriter keyboard,878,typewriter keyboard
1664,1664,31690,image of umbrella,879,umbrella
1665,1665,13764,image of unicycle,880,unicycle
1666,1666,12637,image of  monocycle,880, monocycle
1667,1667,20297,image of upright,881,upright
1668,1668,37721,image of  upright piano,881, upright piano
1669,1669,10544,image of vacuum,882,vacuum
1670,1670,39859,image of  vacuum cleaner,882, vacuum cleaner
1671,1671,3787,image of vase,883,vase
1672,1672,28412,image of vault,884,vault
1673,1673,24206,image of velvet,885,velvet
1674,1674,25393,image of vending machine,886,vending machine
1675,1675,9380,image of vestment,887,vestment
1676,1676,38172,image of viaduct,888,viaduct
1677,1677,15734,image of violin,889,violin
1678,1678,8613,image of  fiddle,889, fiddle
1679,1679,2246,image of volleyball,890,volleyball
1680,1680,21335,image of waffle iron,891,waffle iron
1681,1681,45082,image of wall clock,892,wall clock
1682,1682,33669,image of wallet,893,wallet
1683,1683,10460,image of  billfold,893, billfold
1684,1684,5567,image of  notecase,893, notecase
1685,1685,2802,image of  pocketbook,893, pocketbook
1686,1686,30148,image of wardrobe,894,wardrobe
1687,1687,39589,image of  closet,894, closet
1688,1688,25519,image of  press,894, press
1689,1689,26995,image of warplane,895,warplane
1690,1690,29602,image of  military plane,895, military plane
1691,1691,44671,image of washbasin,896,washbasin
1692,1692,26782,image of  handbasin,896, handbasin
1693,1693,34221,image of  washbowl,896, washbowl
1694,1694,16520,image of  lavabo,896, lavabo
1695,1695,9169,image of  wash-hand basin,896, wash-hand basin
1696,1696,24354,image of washer,897,washer
1697,1697,4779,image of  automatic washer,897, automatic washer
1698,1698,31489,image of  washing machine,897, washing machine
1699,1699,21099,image of water bottle,898,water bottle
1700,1700,22514,image of water jug,899,water jug
1701,1701,42797,image of water tower,900,water tower
1702,1702,28638,image of whiskey jug,901,whiskey jug
1703,1703,31851,image of whistle,902,whistle
1704,1704,2694,image of wig,903,wig
1705,1705,34251,image of window screen,904,window screen
1706,1706,5363,image of window shade,905,window shade
1707,1707,48336,image of Windsor tie,906,Windsor tie
1708,1708,38156,image of wine bottle,907,wine bottle
1709,1709,9072,image of wing,908,wing
1710,1710,13490,image of wok,909,wok
1711,1711,11296,image of wooden spoon,910,wooden spoon
1712,1712,26186,image of wool,911,wool
1713,1713,25204,image of  woolen,911, woolen
1714,1714,8513,image of  woollen,911, woollen
1715,1715,11573,image of worm fence,912,worm fence
1716,1716,38004,image of  snake fence,912, snake fence
1717,1717,37947,image of  snake-rail fence,912, snake-rail fence
1718,1718,5182,image of  Virginia fence,912, Virginia fence
1719,1719,9434,image of wreck,913,wreck
1720,1720,16424,image of yawl,914,yawl
1721,1721,16775,image of yurt,915,yurt
1722,1722,2673,image of web site,916,web site
1723,1723,21029,image of  website,916, website
1724,1724,6972,image of  internet site,916, internet site
1725,1725,36355,image of  site,916, site
1726,1726,24012,image of comic book,917,comic book
1727,1727,30091,image of crossword puzzle,918,crossword puzzle
1728,1728,23178,image of  crossword,918, crossword
1729,1729,35071,image of street sign,919,street sign
1730,1730,35757,image of traffic light,920,traffic light
1731,1731,39574,image of  traffic signal,920, traffic signal
1732,1732,37141,image of  stoplight,920, stoplight
1733,1733,40416,image of book jacket,921,book jacket
1734,1734,45636,image of  dust cover,921, dust cover
1735,1735,1039,image of  dust jacket,921, dust jacket
1736,1736,12801,image of  dust wrapper,921, dust wrapper
1737,1737,253,image of menu,922,menu
1738,1738,12026,image of plate,923,plate
1739,1739,11463,image of guacamole,924,guacamole
1740,1740,47769,image of consomme,925,consomme
1741,1741,27332,image of hot pot,926,hot pot
1742,1742,14991,image of  hotpot,926, hotpot
1743,1743,46004,image of trifle,927,trifle
1744,1744,34228,image of ice cream,928,ice cream
1745,1745,7034,image of  icecream,928, icecream
1746,1746,2911,image of ice lolly,929,ice lolly
1747,1747,13559,image of  lolly,929, lolly
1748,1748,43318,image of  lollipop,929, lollipop
1749,1749,10181,image of  popsicle,929, popsicle
1750,1750,49372,image of French loaf,930,French loaf
1751,1751,46102,image of bagel,931,bagel
1752,1752,3080,image of  beigel,931, beigel
1753,1753,1685,image of pretzel,932,pretzel
1754,1754,31134,image of cheeseburger,933,cheeseburger
1755,1755,26697,image of hotdog,934,hotdog
1756,1756,37476,image of  hot dog,934, hot dog
1757,1757,8135,image of  red hot,934, red hot
1758,1758,43833,image of mashed potato,935,mashed potato
1759,1759,3920,image of head cabbage,936,head cabbage
1760,1760,11214,image of broccoli,937,broccoli
1761,1761,21095,image of cauliflower,938,cauliflower
1762,1762,18586,image of zucchini,939,zucchini
1763,1763,1349,image of  courgette,939, courgette
1764,1764,32991,image of spaghetti squash,940,spaghetti squash
1765,1765,10746,image of acorn squash,941,acorn squash
1766,1766,7356,image of butternut squash,942,butternut squash
1767,1767,22654,image of cucumber,943,cucumber
1768,1768,30339,image of  cuke,943, cuke
1769,1769,16343,image of artichoke,944,artichoke
1770,1770,22945,image of  globe artichoke,944, globe artichoke
1771,1771,17480,image of bell pepper,945,bell pepper
1772,1772,9568,image of cardoon,946,cardoon
1773,1773,33200,image of mushroom,947,mushroom
1774,1774,48299,image of Granny Smith,948,Granny Smith
1775,1775,27744,image of strawberry,949,strawberry
1776,1776,46888,image of orange,950,orange
1777,1777,22298,image of lemon,951,lemon
1778,1778,22902,image of fig,952,fig
1779,1779,2107,image of pineapple,953,pineapple
1780,1780,37506,image of  ananas,953, ananas
1781,1781,28513,image of banana,954,banana
1782,1782,28389,image of jackfruit,955,jackfruit
1783,1783,2786,image of  jak,955, jak
1784,1784,38383,image of  jack,955, jack
1785,1785,21971,image of custard apple,956,custard apple
1786,1786,42894,image of pomegranate,957,pomegranate
1787,1787,4768,image of hay,958,hay
1788,1788,28930,image of carbonara,959,carbonara
1789,1789,29084,image of chocolate sauce,960,chocolate sauce
1790,1790,27858,image of  chocolate syrup,960, chocolate syrup
1791,1791,40284,image of dough,961,dough
1792,1792,4628,image of meat loaf,962,meat loaf
1793,1793,47169,image of  meatloaf,962, meatloaf
1794,1794,31439,image of pizza,963,pizza
1795,1795,3110,image of  pizza pie,963, pizza pie
1796,1796,47599,image of potpie,964,potpie
1797,1797,6863,image of burrito,965,burrito
1798,1798,28555,image of red wine,966,red wine
1799,1799,21770,image of espresso,967,espresso
1800,1800,1492,image of cup,968,cup
1801,1801,47076,image of eggnog,969,eggnog
1802,1802,29706,image of alp,970,alp
1803,1803,19513,image of bubble,971,bubble
1804,1804,24771,image of cliff,972,cliff
1805,1805,7682,image of  drop,972, drop
1806,1806,4016,image of  drop-off,972, drop-off
1807,1807,48767,image of coral reef,973,coral reef
1808,1808,8248,image of geyser,974,geyser
1809,1809,11962,image of lakeside,975,lakeside
1810,1810,37176,image of  lakeshore,975, lakeshore
1811,1811,47278,image of promontory,976,promontory
1812,1812,33809,image of  headland,976, headland
1813,1813,40962,image of  head,976, head
1814,1814,30859,image of  foreland,976, foreland
1815,1815,22894,image of sandbar,977,sandbar
1816,1816,5771,image of  sand bar,977, sand bar
1817,1817,2832,image of seashore,978,seashore
1818,1818,42079,image of  coast,978, coast
1819,1819,18574,image of  seacoast,978, seacoast
1820,1820,3589,image of  sea-coast,978, sea-coast
1821,1821,4229,image of valley,979,valley
1822,1822,1893,image of  vale,979, vale
1823,1823,36824,image of volcano,980,volcano
1824,1824,11752,image of ballplayer,981,ballplayer
1825,1825,38082,image of  baseball player,981, baseball player
1826,1826,43569,image of groom,982,groom
1827,1827,26908,image of  bridegroom,982, bridegroom
1828,1828,24979,image of scuba diver,983,scuba diver
1829,1829,24146,image of rapeseed,984,rapeseed
1830,1830,4411,image of daisy,985,daisy
1831,1831,2731,image of yellow lady's slipper,986,yellow lady's slipper
1832,1832,28963,image of  yellow lady-slipper,986, yellow lady-slipper
1833,1833,26352,image of  Cypripedium calceolus,986, Cypripedium calceolus
1834,1834,5974,image of  Cypripedium parviflorum,986, Cypripedium parviflorum
1835,1835,847,image of corn,987,corn
1836,1836,47045,image of acorn,988,acorn
1837,1837,36448,image of hip,989,hip
1838,1838,30317,image of  rose hip,989, rose hip
1839,1839,32038,image of  rosehip,989, rosehip
1840,1840,46420,image of buckeye,990,buckeye
1841,1841,47693,image of  horse chestnut,990, horse chestnut
1842,1842,20237,image of  conker,990, conker
1843,1843,19548,image of coral fungus,991,coral fungus
1844,1844,30299,image of agaric,992,agaric
1845,1845,17218,image of gyromitra,993,gyromitra
1846,1846,48533,image of stinkhorn,994,stinkhorn
1847,1847,35258,image of  carrion fungus,994, carrion fungus
1848,1848,35913,image of earthstar,995,earthstar
1849,1849,25049,image of hen-of-the-woods,996,hen-of-the-woods
1850,1850,12425,image of  hen of the woods,996, hen of the woods
1851,1851,15047,image of  Polyporus frondosus,996, Polyporus frondosus
1852,1852,47569,image of  Grifola frondosa,996, Grifola frondosa
1853,1853,42740,image of bolete,997,bolete
1854,1854,36633,image of ear,998,ear
1855,1855,40078,image of  spike,998, spike
1856,1856,24351,image of  capitulum,998, capitulum
1857,1857,37292,image of toilet tissue,999,toilet tissue
1858,1858,44988,image of  toilet paper,999, toilet paper
1859,1859,26514,image of  bathroom tissue,999, bathroom tissue
